chinese,foundation
同情,care
一臂之力,care
一见倾心,care
三个代表,care
上阵杀敌,care
不为已甚,care
不仁,care
不以为然,care
不伤脾胃,care
不共戴天,care
不啻,care
不孝,care
不孝之子,care
不孝子,care
不孝子孙,care
不孝敬,care
不孝顺,care
不宽容,care
不屑,care
不怀好意,care
不打不相识,care
不杀不辱,care
不让座,care
与人为善,care
丑化,care
世界大战,care
东征,care
东征西讨,care
东突,care
丢命,care
两虎相争,care
两虎相斗,care
两败俱伤,care
严刑,care
严慈,care
丧亡,care
丧生,care
中毒,care
中箭,care
为仁不富,care
为富不仁,care
为非作歹,care
义举,care
义卖,care
义工,care
义愤填膺,care
义捐,care
义演,care
义行,care
义诊,care
乌鸟私情,care
乐于助人,care
乐意,care
乖顺,care
乘胜追击,care
乞哀告怜,care
乞怜,care
乳母,care
了却此生,care
争战,care
争斗,care
事故,care
二遍苦,care
互助,care
互惠互利,care
互惠共赢,care
互惠合作,care
五刑,care
亡国灭种,care
交恶,care
交战,care
交通肇事,care
亲切,care
亲和,care
亲睦邻邦,care
人见人爱,care
人身安全,care
人道,care
人道主义,care
仁厚,care
仁君,care
仁善,care
仁孝,care
仁德,care
仁心,care
仁惠,care
仁慈,care
仁慈心,care
仁政,care
仁民爱物,care
仁者爱人,care
仁至义尽,care
仇人,care
仇怨,care
从井救人,care
仗义执言,care
仗势欺人,care
仙逝,care
以工代赈,care
以强凌弱,care
以飨读者,care
任侠,care
传递温暖,care
伤亡,care
伤别,care
伤势,care
伤及无辜,care
伤员,care
伤天害理,care
伤害,care
伤弓之鸟,care
伤心,care
伤悲,care
伤残,care
伤残人员,care
伤疤,care
伤痛,care
伤者,care
伤耗,care
伥鬼,care
伺候,care
住院,care
体恤,care
体惜,care
体罚,care
体谅,care
作孽,care
作恶,care
作痛,care
作贼,care
使作呕,care
使坏,care
侍候,care
供养,care
侠义心肠,care
侮弄,care
侵入,care
侵扰,care
侵权,care
便民利民,care
便民惠民,care
保住,care
保佑,care
保全,care
保卫,care
保护,care
保护伞,care
保护动物,care
保护环境,care
保护者,care
保护色,care
保重,care
保障,care
借刀杀人,care
借助,care
借酒浇愁,care
倾轧,care
偏疼,care
健康,care
健康保险,care
健康受损,care
健康食品,care
偷去,care
偷盗,care
偷窃,care
偷袭,care
偷鸡不着蚀把米,care
傻Ｂ,care
傻蛋,care
傻逼,care
元恶,care
兄弟情义,care
免疫力,care
免费义诊,care
全心全意,care
全歼,care
公共事业,care
公益,care
公益金,care
兰摧玉折,care
共同利益,care
共襄善举,care
关怀,care
关格,care
兵连祸结,care
养家糊口,care
养活,care
养病,care
养老,care
养老院,care
养虎为患,care
内心善良,care
内耗,care
混战,care
冤业,care
冤死,care
冲打,care
冷暖,care
冷暖自知,care
凄恻,care
凄惶,care
凄然,care
凌虐,care
凌迟,care
凶事,care
凶器,care
凶巴巴,care
凶戾,care
凶手,care
凶杀,care
凶杀案,care
凶死,care
凶残,care
凶犯,care
凶狠,care
凶讯,care
凶险,care
出击,care
出诊,care
击毁,care
击毙,care
击沉,care
刀俎,care
刀刺性痛,care
刀子嘴豆腐心,care
刀锯鼎镬,care
分享,care
分忧,care
分担,care
切痛,care
切肤之痛,care
刑具,care
刑戮,care
刑求,care
刑罚,care
刑舂,care
刑辱,care
划伤,care
创伤,care
创口,care
创痛,care
利民,care
刮伤,care
刺客,care
刺杀,care
刺死,care
刺痛,care
刽子手,care
前人栽树,care
劈空扳害,care
力攻,care
劝慰,care
加护,care
加护病房,care
动情,care
动手,care
助人为乐,care
助纣为虐,care
劫匪,care
劫持,care
勇救,care
勒索,care
勒逼,care
包剿,care
包容,care
包治百病,care
包藏祸心,care
化学武器,care
医官,care
医护,care
医护人员,care
医治,care
千刀万剐,care
协理,care
南京大屠杀,care
南征,care
博爱,care
卧轨,care
卫护,care
卫生防疫,care
危及,care
危害性,care
危重病人,care
厌弃,care
厚待,care
厚谊,care
去世,care
去死,care
去逝,care
参战,care
友善,care
友爱,care
反人类,care
反哺,care
反攻,care
发痛,care
受伤,care
受伤害,care
受刑,care
受害,care
受害人,care
受惠,care
受损,care
受气,care
受益,care
受益人,care
受罪,care
受虐,care
受难者,care
可惜,care
可憎,care
叱骂,care
吃人,care
吃苦头,care
合击,care
吊丧,care
吊唁,care
吊孝,care
吊慰,care
吊死问疾,care
吊民伐罪,care
吊祭,care
后人乘凉,care
吓唬,care
吞声,care
含辛茹苦,care
启蒙,care
吸毒,care
吸毒成瘾,care
周济,care
呵护,care
命危,care
命赴黄泉,care
和和气气,care
和善,care
和善可亲,care
和平,care
和睦,care
和蔼,care
和蔼可亲,care
咒诅,care
咒骂,care
咸猪手,care
哀伤,care
哀号,care
哀哭,care
哀嚎,care
哀怜,care
哀悯,care
哀愁,care
哀痛,care
哀矜,care
哀莫大于心死,care
哀鸿遍野,care
哈达,care
哭丧,care
哭声,care
哺母乳,care
哺育,care
唁信,care
唁函,care
唁劳,care
唁电,care
唾骂,care
啼饥号寒,care
喂养,care
喂母乳,care
喂食,care
善人,care
善心,care
善意,care
善良,care
善良之心,care
善良单纯,care
善良贤惠,care
善行义举,care
善解人意,care
善风,care
喜极而泣,care
嗑药,care
嗔诟,care
回击,care
困扰,care
困苦,care
围剿,care
围护,care
围攻,care
围魏救赵,care
国家一级保护,care
国破家亡,care
国蠹,care
在乎,care
坐月子,care
垂危,care
墨刑,care
声讨,care
多愁多病,care
大孝,care
大度,care
大放悲声,care
大有裨益,care
大祸临头,care
大骂,care
天诛,care
天诛地灭,care
失盗,care
失窃,care
夹击,care
夹攻,care
夺取,care
奋勇杀敌,care
奚落,care
奠祭,care
女犯,care
奸杀,care
好客,care
好心,care
好意,care
妨害,care
姆妈,care
威吓,care
威胁,care
嫌恶,care
孕育,care
孝亲,care
孝亲敬老,care
孝女,care
孝子,care
孝子贤孙,care
孝字,care
孝孙,care
孝心,care
孝悌,care
孝敬,care
孝老,care
孝老敬老,care
孝道,care
孝顺,care
孝顺父母,care
守候,care
守卫者,care
守护,care
守望相助,care
安全区,care
安全帽,care
安全措施,care
安全气囊,care
安危,care
安宁,care
安定,care
安富恤穷,care
安富恤贫,care
安康,care
安心,care
安慰,care
安然无恙,care
安神,care
官报私仇,care
宝贝,care
宠坏,care
宣战,care
害,care
害人,care
害人不浅,care
害命,care
害死,care
家庭和谐,care
家庭暴力,care
家暴,care
家破人亡,care
宽于待人,care
宽仁,care
宽以待人,care
宽厚,care
宽厚仁爱,care
宽和,care
宽大,care
宽大为怀,care
宽宏,care
宽宏大量,care
宽宥,care
宽容,care
宽容大度,care
宽容待人,care
宽容心,care
宽容接纳,care
宽容豁达,care
宽弘,care
宽待,care
宽心,care
宽怀大度,care
宽恕,care
宽慰,care
宽洪,care
宽洪大度,care
宽洪大量,care
宽解,care
宽赦,care
寇攘,care
导盲犬,care
尊师爱徒,care
尊老,care
尊老爱幼,care
小心,care
尖酸刻薄,care
居心险恶,care
屠城,care
屠杀,care
屠杀者,care
屠毒,care
岐视,care
崩坏,care
崩殂,care
巡回义诊,care
帮助,care
帮工,care
帮忙,care
平复,care
平毁,care
庇佑,care
庇廕,care
庇祐,care
康健,care
康复,care
开展义诊,care
开战,care
弃世,care
弃婴,care
弄乱,care
弄伤,care
弄坏,care
弄糟,care
弑父,care
强奸,care
强奸罪,care
强攻,care
强梁,care
强横,care
强盗,care
强迫,care
归天,care
归西,care
当心,care
形丑心善,care
征讨,care
待人和气,care
待人宽厚,care
得益,care
心地善良,care
心底善良,care
心疼,care
心痛,care
心碎,care
心肝,care
心胸宽广,care
心胸宽阔,care
心血,care
忍痛,care
志哀,care
忧伤,care
忧思,care
怀抱,care
怒斥,care
怒骂,care
怜惜,care
性侵,care
性侵害,care
性侵犯,care
性虐待,care
怨声载道,care
恃强欺弱,care
恋人,care
恐吓,care
恐怖主义,care
恐怖组织,care
恐怖袭击,care
恤匮,care
恤嫠,care
恩,care
恩人,care
恩情,care
恩慈,care
恩爱,care
恫吓,care
恶恨,care
恶意,care
恶战,care
恶斗,care
恶疾,care
恶骂,care
患病,care
患难,care
悲不自胜,care
悲伤,care
悲哀,care
悲声载道,care
悲天悯人,care
悲怆,care
悲悯,care
悲痛,care
情不可却,care
情义,care
情人眼里有西施,care
情同手足,care
情同骨肉,care
情有独锺,care
情杀,care
情谊,care
情逾骨肉,care
惠及,care
惠及子孙,care
惠及民生,care
惠政,care
惠施,care
惠民,care
惠民服务,care
惨叫,care
惨怛,care
惨无人道,care
惨杀,care
惨案,care
惨毒,care
惨然,care
惨痛,care
惨绝人寰,care
惨遭,care
惹人心烦,care
愁苦,care
愈合,care
意在沛公,care
感到温暖,care
感化,care
感召,care
感同身受,care
慈善,care
慈善家,care
慈悲,care
慈母,care
慈爱,care
慈祥,care
慈福,care
慈颜,care
慰劳,care
慰唁,care
慰安妇,care
慰籍,care
慷慨捐生,care
慷慨解囊,care
慷慨输将,care
懂礼仪,care
成全,care
成瘾,care
战乱,care
战争,care
战火,care
手足亲情,care
扑杀,care
扒皮,care
扒窃,care
扒高踩低,care
打倒,care
打垮,care
打杀,care
打死,care
打气,care
打狗欺主,care
扔弃,care
托儿所,care
扫除,care
扰乱,care
扶危济困,care
扶持,care
扶掖,care
批斗,care
抗涝,care
抗灾,care
抗震救灾,care
折磨,care
抚恤金,care
抚慰,care
抚慰金,care
抚育,care
抢,care
抢亲,care
抢婚,care
抢救,care
抢险,care
护士,care
护理,care
护着,care
报复,care
报德,care
报答,care
担架,care
拆散,care
拒礼,care
拘守,care
招抚,care
拜寿,care
拣软的欺,care
拥抱,care
拦阻,care
拯救,care
拳打,care
拳打脚踢,care
拶刑,care
拶子,care
拶指,care
拷掠,care
挂彩,care
指桑骂槐,care
指责,care
挖肉补疮,care
挟制,care
挟持,care
挨打受气,care
挨饥抵饿,care
挽救,care
捉拿,care
捐弃,care
捐款,care
捐物,care
捕杀,care
捕食,care
损人利己,care
损坏,care
捣毁,care
授乳,care
授人以鱼不如授人以渔,care
掠夺者,care
探亲,care
探伤,care
探病,care
探视,care
掩护,care
援助,care
援救,care
搏战,care
搏斗,care
搏杀,care
搜救,care
搜救犬,care
搭救,care
摔伤,care
摧残,care
摧毁,care
撒娇,care
撕票,care
撞死,care
撞烂,care
攀诬陷害,care
收容,care
收容所,care
收残缀轶,care
攻伐,care
攻击,care
攻占,care
攻取,care
攻打,care
攻讦,care
攻陷,care
放刁,care
放心,care
敌探,care
救亡,care
救人,care
救出,care
救命,care
救护,care
救援,care
救援队,care
救治,care
救济,care
救火,care
救灾,care
救生袋,care
救生队,care
救难,care
敬孝,care
敬爱,care
敬老,care
敬老尊贤,care
敲诈勒索罪,care
斧钺汤镬,care
斩杀,care
斩草除根,care
斫丧,care
断食,care
新愁旧恨,care
施惠,care
施舍,care
族诛,care
无助,care
无赖,care
既往不咎,care
日久生情,care
旧恶,care
明争暗斗,care
暗伤,care
暗害,care
暗杀,care
暴力,care
暴力法,care
暴力犯罪,care
暴洪,care
暴烈,care
月子,care
有人情,care
有助,care
有害,care
有心,care
有损,care
服务,care
服务人民,care
杀人,care
杀人如麻,care
杀人放火,care
杀人案,care
杀人犯,care
杀人越货,care
杀伤,care
杀伤力,care
杀富济贫,care
杀戮,care
杀掉,care
杀气,care
杀灭,care
杀熟,care
杀生,care
杀绝,care
权益,care
杖刑,care
杜鹃啼血,care
来者不善,care
枪伤,care
染病,care
根绝,care
桀,care
桁杨刀锯,care
案甲休兵,care
横尸遍野,care
横死,care
欺侮,care
欺凌,care
欺压,care
欺压良善,care
欺生,care
欺男霸女,care
止痛,care
止痛药,care
止血,care
正当防卫,care
正统,care
武装分子,care
歧视,care
歹徒,care
死于非命,care
死伤,care
死去,care
死敌,care
死绝,care
死难者,care
歼击,care
殉难,care
殊深轸念,care
残害忠良,care
残废,care
残暴不仁,care
残杀者,care
残毒,care
残民害物,care
残疾儿,care
残虐,care
残酷无情,care
殒命,care
殚残,care
殴打罪,care
毁伤,care
毁家纾难,care
毁容,care
毁损,care
毁掉,care
毁来,care
毁灭,care
毁除,care
母体,care
母爱,care
毒化,care
毒奶,care
毒手,care
毒贩,care
毙命,care
毫不客气,care
民脂民膏,care
民贼独夫,care
气量,care
水刑,care
水害,care
水火无情,care
水灾,care
永逝,care
求援,care
求救,care
污衊,care
污辱,care
沉痛,care
沦陷,care
治死,care
治疗,care
治病救人,care
泪痕,care
泼贱人,care
活罪,care
流寇,care
流脑,care
济助,care
济困扶危,care
济急,care
济贫,care
消沉,care
消瘦,care
深恶痛绝,care
深情,care
深情厚意,care
深情款款,care
混乱,care
温厚,care
温和,care
温和亲切,care
温和友善,care
温和有礼,care
温情,care
温暖,care
温暖人心,care
温暧,care
温柔,care
温柔体贴,care
温柔娴淑,care
温良,care
温言,care
温饱,care
湮灭,care
溃败,care
溺爱,care
滚油煎心,care
满不在乎,care
滥杀无辜,care
濒危,care
濒危物种,care
火坑,care
灭失,care
灭族,care
灭种,care
灭门,care
灼痛,care
灾害,care
炮烙,care
炸毁,care
炸碎,care
烂透,care
烦冤,care
烧伤,care
烧灼伤,care
烧灼疼,care
热心,care
热忱,care
热情,care
热情服务,care
热爱,care
焚毁,care
煎熬,care
照应,care
照护,care
照顾,care
熬煎,care
爱意,care
爱憎,care
爱抚,care
爱护,care
爱昵,care
爱民如子,care
爱莫能助,care
特护,care
狗屎,care
猛击,care
猥亵,care
献爱心,care
玉石俱焚,care
环境保护,care
环境损害,care
玷辱,care
珍重,care
理解,care
生厌,care
生物战,care
电刑,care
畏罪,care
留情,care
疏财重义,care
疑凶,care
疗伤,care
疗养,care
疗养所,care
疫病,care
疮痍,care
疼死,care
疼爱,care
疼痛,care
疾苦,care
病入膏肓,care
病势,care
病去如抽丝,care
病员,care
病容,care
病床,care
病患,care
病房,care
病来如山倒,care
病民害国,care
病民蛊国,care
病虫害,care
痛不欲生,care
痛恨,care
痛感,care
痛斥,care
痛楚,care
瘟疫,care
白奴,care
百善孝为先,care
百孔千疮,care
百行孝为先,care
皮开肉绽,care
皮肉之苦,care
益友,care
盗伐,care
盗窃,care
盗贼,care
相互宽容,care
相伴,care
相知相惜,care
相让,care
看护,care
看病,care
真诚善良,care
眷爱,care
眷眷之心,care
眼中刺,care
眼中钉,care
眼穿肠断,care
瞑眩,care
知恩图报,care
知情达理,care
知遇之恩,care
破坏,care
破敝,care
破相,care
砸毁,care
硬朗,care
磨折,care
示恩,care
礼待,care
礼让,care
礼让他人,care
礼让行人,care
礼轻情意重,care
礼遇,care
祈福禳灾,care
祛风,care
祝福,care
祭奠,care
祸害,care
离愁,care
秃驴,care
秋后算帐,care
种族清洗,care
种族灭绝,care
稳贴,care
空袭,care
突击,care
突袭,care
窃取,care
窜扰,care
窜犯,care
笃爱,care
管待,care
精心,care
精神健康,care
精神病,care
精神衰弱,care
紧抱,care
纠弹,care
纾困,care
细菌战,care
细菌武器,care
结仇,care
绕膝,care
绝情寡义,care
绝灭,care
绷扒吊拷,care
缓解,care
缠扰,care
罗掘,care
罚跪,care
罪大恶极,care
罪性,care
罪无可恕,care
罪魁祸首,care
罹祸,care
罹难,care
羞辱,care
老伴,care
耐烦,care
耳痛,care
聆听,care
聊以自慰,care
联袂,care
聚歼,care
肇事者,care
肉中刺,care
肉刑,care
肏你妈,care
股肱,care
育人,care
育儿,care
胁从犯,care
胁持,care
胁迫,care
胃疼,care
胸怀宽广,care
胸襟宽广,care
胸闷,care
脱皮掉肉,care
脱险,care
腥风血雨,care
臂弯,care
自保,care
自卫,care
自寻死路,care
自尽,care
自杀,care
自相鱼肉,care
自身难保,care
至孝,care
致命,care
致病,care
舍己救人,care
良师益友,care
良母,care
色狼,care
节哀顺变,care
节约用水,care
芝焚蕙叹,care
苦刑,care
苦因,care
苦处,care
苦心,care
苦楚,care
苦水,care
苦痛,care
苦难深重,care
茹毛饮血,care
茹痛,care
荼毒,care
荼毒生灵,care
获救,care
营救,care
葬身,care
蒙难,care
蔽身处,care
蕴藉,care
虐杀,care
虚弱,care
虫灾,care
虫豸,care
蚁斗蜗争,care
蛊祝,care
蛮悍,care
蠹吏,care
蠹国害民,care
蠹害,care
血债,care
血债累累,care
血口喷人,care
血战,care
血晕,care
血案,care
血汗,care
血泪,care
血洗,care
血淋淋,care
血盆大口,care
血肉横飞,care
血腥,care
血账,care
血路,care
行凶,care
行刺,care
行善,care
行好,care
行孝,care
行孝道,care
补助,care
补益,care
袒免,care
袒庇,care
被害人,care
被害者,care
被绑,care
袭击,care
裨益,care
裹挟,care
裹胁,care
要挟,care
覆亡,care
覆灭,care
视如敝屣,care
解寒,care
解愁,care
解救,care
解毒,care
解民倒悬,care
解痛,care
触目伤心,care
讨伐,care
讨扰,care
讨饭,care
让座,care
让行,care
训育,care
诅咒,care
诈骗罪,care
诚意,care
诛,care
诛尽杀绝,care
诛杀,care
诛灭,care
诛锄,care
诛除,care
诟病,care
该死,care
误伤,care
调养,care
调理,care
谆谆,care
谋害,care
谋杀案,care
谋杀罪,care
谋财害命,care
谑而不虐,care
谗害,care
谢天谢地,care
谦恭礼让,care
谨防扒手,care
豺狼虎豹,care
负伤,care
贡献,care
责打,care
责罚,care
贤妻良母,care
贤孝,care
贤惠,care
贤淑,care
败絮,care
贩毒,care
贬低,care
贬斥,care
贴心,care
赈恤,care
赈捐,care
赈济,care
赈灾,care
赌斗,care
赐死,care
赒急扶困,care
赒恤,care
赒济,care
赡养,care
赶尽杀绝,care
足以自慰,care
跳出火坑,care
身心交病,care
身负重伤,care
转危为安,care
转面无情,care
轮奸,care
软禁,care
轻伤,care
辩证施治,care
过犯,care
迎击,care
迎合,care
迎头痛击,care
迎宾,care
还手,care
进攻,care
违强凌弱,care
违强陵弱,care
违法乱纪,care
连坐,care
连累,care
迫害,care
迫胁,care
追击,care
追荐,care
送医,care
送去温暖,care
送温暖,care
送终,care
逍遥法外,care
通情达理,care
通融,care
逝世,care
造福,care
逮捕,care
逼人,care
逼奸,care
逼良为娼,care
逼迫,care
遇害,care
遇难,care
遇难者,care
遗恨,care
遭殃,care
遭瘟,care
遮护板,care
遮风避雨,care
避让行人,care
邻里互助,care
酗酒滋事,care
酷刑,care
酸痛,care
采花贼,care
释然,care
重创,care
重情义,care
重情重义,care
重罚,care
重罚不用,care
鏖战,care
钟情,care
闪击,care
问候,care
问安,care
闵凶,care
防卫,care
防护,care
防毒,care
防灾,care
防空洞,care
防腐,care
防霉,care
防龋,care
阴骘,care
阵亡,care
阵痛,care
阻挠,care
降祉,care
陪床,care
陷害,care
陷落,care
隆情厚谊,care
隐痛,care
隔岸观火,care
难保,care
难受,care
雍容大度,care
雷锋,care
非命,care
非礼,care
靠谱,care
面面俱到,care
面黄肌瘦,care
革出教门,care
顾惜,care
预防措施,care
频危,care
食人,care
食品安全,care
食肉寝皮,care
饥肠辘辘,care
饮水思源,care
饶恕,care
饿殍载道,care
饿莩载道,care
驱赶,care
驻守,care
骂人,care
骂骂咧咧,care
骚扰,care
骨肉相连,care
高空病,care
黑死病,care
黑砖窑,care
鼻青脸肿,care
龙争虎斗,care
关爱,care
照看,care
友好,care
慰问,care
维护,care
爱心,care
同理心,care
感情,care
体贴,care
融洽,care
平安,care
怜悯,care
救助,care
关心,care
共情,care
福利,care
庇护,care
监护,care
战斗,care
榨取,care
遗弃,care
踩死,care
捏死,care
弄死,care
搞死,care
削弱,care
消灭,care
痛苦,care
损伤,care
损毁,care
损害,care
死人,care
受难,care
受苦,care
伤口,care
中伤,care
重伤,care
伤人,care
欺负,care
杀死,care
杀手,care
杀害,care
辱骂,care
蹂躏,care
强暴,care
抨击,care
虐待,care
谋杀,care
灭亡,care
灭绝,care
谩骂,care
掠夺,care
利用,care
滥用,care
困境,care
苦难,care
绝情,care
践踏,care
歼灭,care
击溃,care
毁坏,care
狠心,care
好战,care
好斗,care
扼杀,care
斗殴,care
打架,care
打击,care
打斗,care
粗暴,care
残忍,care
残酷,care
残暴,care
不友好,care
不稳定,care
不同情,care
不损害,care
不关心,care
不安全,care
不爱护,care
剥夺,care
摒弃,care
一呼百诺,auth
一字之师,auth
一把手,auth
一言九鼎,auth
万代,auth
万户侯,auth
万马齐喑,auth
丈人,auth
三个代表,auth
三从四德,auth
三反,auth
三反运动,auth
三民主义,auth
三法司,auth
三皇,auth
三皇五帝,auth
三纲五常,auth
三藏法师,auth
三藩之乱,auth
上交,auth
上司,auth
上天,auth
上将,auth
上将军,auth
上尉,auth
上校,auth
上流,auth
上等兵,auth
上级,auth
上缴,auth
上辈,auth
下令,auth
下属,auth
下放,auth
下级,auth
下聘,auth
下达,auth
不可抗拒,auth
不听命,auth
不孝敬,auth
不孝顺,auth
不忠不孝,auth
不恭,auth
不悌,auth
不打不成才,auth
不服,auth
不畏强权,auth
不破不立,auth
不羁,auth
专家,auth
世俗,auth
世家,auth
世尊,auth
世界卫生组织,auth
世胄,auth
世袭君主国,auth
东征,auth
东征西怨,auth
东罗马帝国,auth
严惩,auth
严慈,auth
丫环,auth
丫鬟,auth
中央,auth
中央直辖市,auth
中将,auth
中校,auth
临朝,auth
为准,auth
为官不仁,auth
主人,auth
主人翁,auth
主仆,auth
主从,auth
主任,auth
主和派,auth
主子,auth
主宰,auth
主导,auth
主导权,auth
主张,auth
主教,auth
主管机关,auth
主计,auth
义和乱,auth
义和团,auth
义警,auth
乖忤,auth
乖迕,auth
乞休,auth
习俗,auth
乱世,auth
乱政,auth
乾隆,auth
争雄,auth
事变,auth
事奉,auth
事权,auth
二把手,auth
二等,auth
五七干校,auth
五四,auth
五四运动,auth
五帝,auth
交警,auth
京师,auth
亲族,auth
亵黩,auth
人尖儿,auth
斗士,auth
人民公社,auth
人民法院,auth
人民行动党,auth
人民警察,auth
什叶派,auth
仁君,auth
仁言利博,auth
仆人,auth
仆役,auth
从军,auth
从命,auth
从善如流,auth
从属,auth
从者,auth
仗势欺人,auth
代管,auth
令箭,auth
令行禁止,auth
以人废言,auth
以夷制夷,auth
以孝为先,auth
以强凌弱,auth
以权压法,auth
以言代法,auth
仪仗队,auth
任贤使能,auth
伏惟,auth
众星拱辰,auth
众星捧月,auth
众议院,auth
优劣,auth
传统,auth
会审,auth
会长,auth
传唤,auth
传承,auth
传旨,auth
传檄,auth
伦常,auth
位列,auth
体制,auth
佣人,auth
佣妇,auth
使役,auth
侍候,auth
侍奉,auth
依顺,auth
侦察兵,auth
侯景之乱,auth
侯门似海,auth
俄罗斯帝国,auth
保守派,auth
倒台,auth
倒行逆施,auth
倾覆,auth
僭越,auth
元勋,auth
元老,auth
兄弟阋墙,auth
兄长,auth
充军,auth
先辈,auth
光前裕后,auth
光宗耀祖,auth
光禄大夫,auth
克格勃,auth
免职,auth
免黜,auth
党性,auth
党政机关,auth
党组,auth
党风廉政,auth
兜捕,auth
全权,auth
八国联军,auth
八旗,auth
八旗制度,auth
公事,auth
公仆,auth
公决,auth
公安,auth
公忠体国,auth
公报私仇,auth
公有化,auth
公检法,auth
公立,auth
共产党员,auth
共和党,auth
关税,auth
兴师问罪,auth
兵役,auth
兵权,auth
兵连祸结,auth
兵部,auth
兵队,auth
兵马,auth
典章,auth
内战,auth
内政,auth
内政部,auth
内阁,auth
册封,auth
册府元龟,auth
冒犯者,auth
军事机构,auth
军事法庭,auth
军令如山,auth
军医院,auth
军团,auth
军阀,auth
军队,auth
农民阶级,auth
冠冕,auth
准予,auth
准许,auth
凛遵,auth
凡例,auth
出柜,auth
出身,auth
分裂组织,auth
刑名之学,auth
刑堂,auth
刑警,auth
刑讯,auth
刑部,auth
判令,auth
判读,auth
利民,auth
制度,auth
制裁,auth
刺史,auth
剃发令,auth
副司令,auth
副州长,auth
副总统,auth
副校长,auth
副院长,auth
办罪,auth
功名利禄,auth
功高望重,auth
加官进爵,auth
劳动人民,auth
劳教所,auth
势族,auth
势高益危,auth
勇于创新,auth
勋爵,auth
勋绩,auth
勒令,auth
勤王,auth
勿替敬典,auth
包办婚姻,auth
包工头,auth
包拯,auth
北约,auth
北洋军,auth
北洋军阀,auth
匪穴,auth
匹夫,auth
区长,auth
医官,auth
十常侍,auth
十年树木百年树人,auth
升斗小民,auth
华胄,auth
协管,auth
协管员,auth
单于,auth
南征北讨,auth
南昌起义,auth
博古,auth
卫尉,auth
印信,auth
危害祖国,auth
却之不恭,auth
厂规,auth
厚生省,auth
参拜,auth
参见,auth
参议院,auth
参谋总长,auth
参谋长,auth
友军,auth
反右斗争,auth
反对,auth
反战抗议,auth
反抗者,auth
反政府,auth
反核,auth
反腐,auth
反腐倡廉,auth
反贪腐,auth
发号施令,auth
发落,auth
发配,auth
受制,auth
受命,auth
受权,auth
叛乱罪,auth
叛匪,auth
叛逆,auth
口令,auth
叩头,auth
召开,auth
召见,auth
号令,auth
司令,auth
司令员,auth
司令官,auth
司令部,auth
司寇,auth
司法机关,auth
司长,auth
合纵连横,auth
同级,auth
名次,auth
名称权,auth
吏治,auth
君主,auth
君主专制,auth
君主制,auth
君主国,auth
君主政体,auth
君主政治,auth
君主立宪制,auth
听命,auth
听随,auth
呈报,auth
呈请,auth
呼之即来,auth
呼来喝去,auth
和尚打伞,auth
哀家,auth
品第,auth
哗变,auth
唯恐天下不乱,auth
喝令,auth
四书,auth
四德,auth
四清运动,auth
因父之名,auth
团练,auth
团长,auth
固守,auth
国书,auth
国会议员,auth
国会议长,auth
国务委员,auth
国务院,auth
国君,auth
国土安全局,auth
国土安全部,auth
国家一级保护,auth
国家环保总局,auth
国度,auth
国徽,auth
国有资产,auth
国民警卫队,auth
国法,auth
国王,auth
国营,auth
国蠹,auth
国防,auth
国防部,auth
国防部长,auth
图腾,auth
土豪劣绅,auth
圣卢西亚,auth
圣贤书,auth
圣躬,auth
在位,auth
地头蛇,auth
均田制,auth
不屈,auth
垂帘听政,auth
城防,auth
堵剿匪徒,auth
增兵,auth
士官,auth
士族,auth
壮丁,auth
处分,auth
处治,auth
处罚,auth
处长,auth
复辟,auth
大一统,auth
大主教,auth
大人,auth
大国,auth
大字报,auth
大将,auth
大尉,auth
大师,auth
大帝,auth
大总统,auth
大权,auth
大校,auth
大法官,auth
大王,auth
大腕,auth
大臣,auth
天下,auth
天下大乱,auth
天地会,auth
天子,auth
天朝,auth
太上,auth
太守,auth
太平天国,auth
失之于宽,auth
失信于民,auth
头儿,auth
头头,auth
头子,auth
头目,auth
头等,auth
头衔,auth
头领,auth
奉养,auth
奉召,auth
奉命,auth
奉旨,auth
奉申贺敬,auth
奉职,auth
奉若神明,auth
奉诏,auth
奥匈帝国,auth
女仆,auth
女王,auth
奴仆,auth
奴婢,auth
奴隶,auth
奴隶主,auth
奸官,auth
奸雄,auth
委员,auth
姥,auth
威严,auth
威信,auth
威容,auth
威尊命贱,auth
威德,auth
威迫,auth
威逼利诱,auth
威震天下,auth
娘娘,auth
婆婆,auth
婢女,auth
嫡系,auth
孙中山,auth
孙逸仙,auth
孝亲,auth
孝悌,auth
孝敬,auth
孝道,auth
孝顺,auth
孝顺父母,auth
学员,auth
学衔,auth
守则,auth
守备,auth
守法,auth
守节,auth
守规矩,auth
安分守己,auth
安史之乱,auth
安检,auth
安理会,auth
安禄山,auth
宗室,auth
宗师,auth
宗庙,auth
宗教仪式,auth
宗教法庭,auth
宗正,auth
官员,auth
官学,auth
官家,auth
官府,auth
官房长官,auth
官爵,auth
官署,auth
官职,auth
官衔,auth
官逼民反,auth
官阶,auth
定鼎,auth
审判,auth
审判权,auth
审处,auth
宣示,auth
宪兵,auth
宪兵队,auth
宪法监护委员会,auth
宫廷,auth
宰制,auth
家庭和谐,auth
家童,auth
家臣,auth
家长,auth
容许,auth
宽赦,auth
富国强兵,auth
寡头,auth
寡头政治,auth
对亲,auth
封建礼教,auth
封爵,auth
封疆,auth
封邑,auth
将军,auth
将帅,auth
将领,auth
尊从,auth
尊号,auth
尊奉,auth
尊师,auth
尊师爱徒,auth
尊师贵道,auth
尊意,auth
尊称,auth
尊老爱幼,auth
尊者,auth
尊荣,auth
尊贵,auth
尊长,auth
尊驾,auth
小老婆,auth
小集团,auth
少奶奶,auth
少将,auth
少尉,auth
少校,auth
少爷,auth
尚方剑,auth
尚方宝剑,auth
就职,auth
就范,auth
尾大不掉,auth
局长,auth
层级,auth
居住证,auth
居官,auth
属下,auth
崇敬,auth
州长,auth
巡警,auth
巡逻,auth
巡逻队,auth
工人阶级,auth
工作部,auth
巨头,auth
巨擘,auth
差使,auth
巴黎公社,auth
布防,auth
布雷顿森林,auth
师傅,auth
师兄,auth
师弟,auth
师徒,auth
师母,auth
师父,auth
师生,auth
师表,auth
师长,auth
帝制,auth
帝国,auth
帝国主义,auth
帝王,auth
帝王谱,auth
带头,auth
带领,auth
常委,auth
幕府,auth
干校,auth
干警,auth
干部,auth
平靖,auth
年兄,auth
年尊,auth
幽禁,auth
应仁之乱,auth
应从,auth
应天承运,auth
应诏,auth
庙堂,auth
庚子国变,auth
废弛,auth
廉政,auth
廉政公署,auth
廉洁勤政,auth
廉署,auth
延安,auth
廷尉,auth
开国,auth
开国功臣,auth
开山祖师,auth
开除党籍,auth
异教,auth
异端者,auth
异见,auth
异见者,auth
异言,auth
异议,auth
异议人士,auth
异议分子,auth
异议者,auth
弑父,auth
弟子,auth
强嘴,auth
强国,auth
强权政治,auth
归案,auth
归附,auth
当家,auth
当局,auth
当权派,auth
彝宪,auth
役使,auth
征兵,auth
征剿,auth
征发,auth
征召,auth
律政司,auth
徙木立信,auth
御敌,auth
御酒,auth
微臣,auth
德政,auth
德治,auth
心悦诚服,auth
忠君,auth
忠君报国,auth
忠君爱国,auth
忠臣,auth
忤逆不孝,auth
性禁忌,auth
总主教,auth
总参谋长,auth
总司令,auth
总监,auth
总督,auth
总社,auth
总经理,auth
总统,auth
总统府,auth
总裁,auth
恐怖分子,auth
恐怖组织,auth
恩准,auth
恩威兼施,auth
恩师,auth
恩赐,auth
恪遵,auth
恭敬不如从命,auth
恶搞文化,auth
悴奴,auth
惟恐天下不乱,auth
惠政,auth
惠民,auth
惠民服务,auth
惩一儆百,auth
惩治,auth
懿旨,auth
戎行,auth
戒律,auth
戒条,auth
戒规,auth
战区,auth
手下,auth
打拱作揖,auth
打黑,auth
执政,auth
执政党,auth
执照,auth
批复,auth
批改,auth
批示,auth
批阅,auth
承顺,auth
抓获,auth
抓贼,auth
抓走,auth
投案,auth
抗争,auth
抗命,auth
抗拒,auth
抗捐,auth
抗日战争,auth
抗税,auth
抗议,auth
抗诉,auth
抗辩,auth
护国军,auth
护国战争,auth
护国运动,auth
护法战争,auth
报到,auth
报官,auth
报审,auth
报帐,auth
报案,auth
报警,auth
抱残守缺,auth
抵制,auth
抵抗,auth
担任,auth
担当,auth
拒捕,auth
拖堂,auth
拘押,auth
拘拿,auth
拘捕,auth
拘票,auth
招募,auth
招安,auth
招降纳叛,auth
拜见,auth
拜谒,auth
拥戴,auth
拨正,auth
拷掠,auth
拿着鸡毛当令箭,auth
持不同政见者,auth
挂帅,auth
指导,auth
指导者,auth
指战员,auth
指手划脚,auth
指挥中心,auth
指挥官,auth
指挥有方,auth
指挥部,auth
挥师,auth
捕拿,auth
授勋,auth
授命,auth
授权,auth
授衔,auth
掌控,auth
掌玺官,auth
掌管,auth
排列名次,auth
排列次序,auth
排名榜,auth
排名表,auth
排行,auth
排长,auth
接班,auth
控制权,auth
推尊,auth
推恩,auth
推戴,auth
提干,auth
提挈,auth
提督,auth
揪送,auth
搜捕,auth
摊派,auth
擅自,auth
擅闯,auth
操作规程,auth
操纵,auth
支配力,auth
支配权,auth
收编,auth
改革创新,auth
放肆,auth
放荡不羁,auth
政令,auth
政府,auth
政府机关,auth
政敌,auth
政教,auth
政教合一,auth
政权,auth
政治异议,auth
政治运动,auth
政治部,auth
政法,auth
政派,auth
政见,auth
故训,auth
敌国,auth
敌我矛盾,auth
教主,auth
教会,auth
教宗,auth
教廷,auth
教权,auth
教条,auth
教法,auth
教皇,auth
教规,auth
教长,auth
敢不从命,auth
敬启,auth
敬告,auth
敬备,auth
敬奉,auth
敬悉,auth
敬拜,auth
敬服,auth
敬而远之,auth
敬茶,auth
敬酒不吃吃罚酒,auth
整治,auth
整肃,auth
斗争,auth
新官上任三把火,auth
方丈,auth
方命,auth
无产者,auth
无法无天,auth
无秩序,auth
旨意,auth
昆仲,auth
晋爵,auth
晋级,auth
智囊机构,auth
最高法院,auth
有序,auth
有权,auth
服侍,auth
服役,auth
望族,auth
机构,auth
机长,auth
杀一儆百,auth
杀虎斩蛟,auth
杀鸡儆猴,auth
杀鸡吓猴,auth
杀鸡警猴,auth
权力,auth
权势,auth
权威,auth
权柄,auth
权钥,auth
权限,auth
李自成,auth
村长,auth
条例,auth
条条框框,auth
杯酒释兵权,auth
枢机,auth
查封,auth
校官,auth
校监,auth
校规,auth
校长,auth
根本法,auth
档次,auth
检查,auth
检阅,auth
次序,auth
次第,auth
次长,auth
正义斗争,auth
正宫娘娘,auth
步调一致,auth
武警,auth
武警战士,auth
殁,auth
殉葬,auth
残暴不仁,auth
母权制,auth
毒枭,auth
毒贩,auth
民变,auth
民警,auth
没大没小,auth
治军,auth
治国,auth
治安,auth
治理,auth
治罪,auth
法令,auth
法制,auth
法学家,auth
法家,auth
法庭,auth
法律,auth
法案,auth
法治,auth
法网,auth
法轮功,auth
法院,auth
法院裁决,auth
泥古不化,auth
洋务派,auth
派出所,auth
海关,auth
海军少校,auth
淫威,auth
清官,auth
清廉为官,auth
清理队伍,auth
渠魁,auth
温驯,auth
满孝,auth
点检,auth
照办,auth
煽动,auth
煽动颠覆国家,auth
燕太子丹,auth
爱国主义,auth
爱戴,auth
爱民如子,auth
爵位,auth
爵禄,auth
父权制,auth
牝鸡牡鸣,auth
牵头,auth
特别提款权,auth
特权,auth
特种警察,auth
特警,auth
犯上作乱,auth
独夫民贼,auth
独尊,auth
独尊儒术,auth
独裁,auth
独裁主义,auth
独裁者,auth
独霸,auth
独霸一方,auth
猖猖狂狂,auth
猛将,auth
猪仔馆,auth
玄武门之变,auth
率领,auth
王后,auth
王太后,auth
王室,auth
王朝,auth
王道,auth
环保局,auth
现役,auth
班主任,auth
班长,auth
理事,auth
瑷珲条约,auth
生荣死哀,auth
甲第,auth
申奏,auth
申状,auth
申辩,auth
百善孝为先,auth
百行孝为先,auth
皇上,auth
皇后,auth
皇室,auth
皇家骑警,auth
皇帝,auth
皇恩,auth
监制,auth
监察,auth
监查,auth
监牧,auth
监督,auth
监督管理委员会,auth
监管,auth
监视,auth
直属,auth
直辖,auth
相互和谐,auth
相国,auth
相夫教子,auth
省直管县,auth
省长,auth
督促,auth
督军,auth
督办,auth
督察,auth
督建,auth
督抚,auth
督责,auth
瞎指挥,auth
瞻拜,auth
知人善任,auth
知法守法,auth
知法懂法,auth
破四旧,auth
破戒,auth
碍难从命,auth
磕头,auth
示威,auth
示威游行,auth
礼坏乐崩,auth
礼敬,auth
社会等级,auth
社会阶层,auth
社稷,auth
神圣罗马帝国,auth
神权,auth
神舆,auth
祸首,auth
祸首罪魁,auth
禁制,auth
禁制令,auth
禁止,auth
禁止令行,auth
禁足,auth
秉承,auth
种姓制,auth
种姓制度,auth
科长,auth
秘密警察,auth
秩序,auth
积习,auth
穷山恶水,auth
空军一号,auth
空军司令,auth
窃权,auth
章程,auth
等第,auth
等级,auth
等级制度,auth
签呈,auth
管制,auth
管手管脚,auth
管教无方,auth
管束,auth
管治,auth
管理员,auth
篝火狐鸣,auth
粪青,auth
精神领袖,auth
紧箍咒,auth
红巾军,auth
红衣主教,auth
约法,auth
纲领,auth
练兵,auth
组长,auth
终审,auth
经理,auth
结党营私,auth
绕膝,auth
绝食,auth
统制,auth
统属,auth
统帅,auth
统御,auth
统战,auth
统战部,auth
统摄,auth
统治,auth
统治权,auth
统辖,auth
统领,auth
统驭,auth
维新派,auth
维权,auth
维权人士,auth
绿林,auth
缉拿,auth
缉捕,auth
缉获,auth
编制,auth
网管员,auth
罢市,auth
罢黜百家,auth
群雄,auth
群雄逐鹿,auth
翘首,auth
老佛爷,auth
老大,auth
老太爷,auth
老板,auth
老爷,auth
耕奴,auth
职位,auth
职务,auth
职权,auth
职级,auth
联军,auth
联合,auth
联合国,auth
联合国安全理事会,auth
联合政府,auth
聚义,auth
育人,auth
臣仆,auth
臣妾,auth
自首,auth
至高,auth
致意,auth
舍车保帅,auth
舜日尧年,auth
舰长,auth
船长,auth
良民,auth
良法善治,auth
良臣,auth
节度使,auth
芝麻官,auth
英勇斗争,auth
英联邦,auth
药监局,auth
获准,auth
获刑,auth
营盘,auth
营长,auth
落入法网,auth
董事,auth
藩镇,auth
虞舜,auth
蠲除苛政,auth
蠹吏,auth
蠹政,auth
行令,auth
行孝道,auth
行政权,auth
行辈,auth
街头霸王,auth
衣钵,auth
表彰,auth
被捕,auth
裁兵,auth
裁决,auth
裁判,auth
裁定,auth
要职,auth
规例,auth
规制,auth
规复,auth
规定,auth
规条,auth
规章,auth
规谏,auth
誓师,auth
警力,auth
警备区,auth
警官,auth
警察,auth
警察局,auth
警政署,auth
警方,auth
计划生育,auth
讨平,auth
训令,auth
训导职务,auth
训条,auth
训示,auth
训话,auth
议员,auth
许可,auth
许可证,auth
许嫁,auth
证监会,auth
诛锄异己,auth
诫命,auth
误判,auth
请安,auth
诸侯,auth
调防,auth
谋反,auth
谨上,auth
豪强,auth
财阀,auth
责令,auth
责罚,auth
贤妻良母,auth
贪官,auth
贱民,auth
贵族,auth
赃物,auth
资产阶级,auth
赐死,auth
赡养义务,auth
赦罪,auth
走卒,auth
起义,auth
越权,auth
越级,auth
跟班,auth
跪拜,auth
身价,auth
转干,auth
辅弼,auth
辈分,auth
辖制,auth
达官,auth
达官显贵,auth
达官贵人,auth
达鲁花赤,auth
迂腐,auth
近臣,auth
违令,auth
违傲,auth
违命,auth
违忤,auth
违拗,auth
违逆,auth
连卺,auth
连横,auth
连队,auth
迫令,auth
追赃,auth
逃窜,auth
逆贼,auth
逊顺,auth
逐鹿,auth
通缉,auth
造反派,auth
逼上梁山,auth
遵令,auth
遵命,auth
遵奉,auth
遵循,auth
遵旨,auth
遵法施行,auth
遵纪守法,auth
遵行,auth
邦国,auth
郡治,auth
部下,auth
部众,auth
部属,auth
部长,auth
部队,auth
都会,auth
都尉,auth
都督,auth
酋长,auth
酋长国,auth
释典,auth
重惩,auth
重用,auth
金枝玉叶,auth
钦佩,auth
钦定,auth
长官,auth
长老,auth
长辈,auth
门派,auth
门生,auth
门风,auth
闯王,auth
阅兵,auth
队长,auth
防务,auth
防控,auth
防暴警察,auth
防盗,auth
阶级斗争,auth
阿哥,auth
附属,auth
院士,auth
院长,auth
除恶务尽,auth
隶属,auth
集权,auth
雍正,auth
霸主,auth
霸权,auth
静坐抗议,auth
革职,auth
顶拜,auth
顶撞,auth
顺服,auth
顺次,auth
顺治,auth
顽民,auth
领导,auth
领导人,auth
领导者,auth
领导集体,auth
领袖,auth
领队,auth
颐指气使,auth
颐指风使,auth
颛顼,auth
颠覆,auth
颠覆国家,auth
颠覆政府,auth
颠覆政府罪,auth
饮流怀源,auth
首县,auth
首席,auth
首席执行官,auth
首脑,auth
首领,auth
驯从,auth
驳斥,auth
驻守,auth
驾御,auth
骊姬之乱,auth
骚乱者,auth
高官厚禄,auth
高官显爵,auth
高干,auth
高薪养廉,auth
高贵,auth
魁元,auth
魁首,auth
魔头,auth
黄巢之乱,auth
黄巾,auth
黄巾之乱,auth
黄巾军,auth
黄巾民变,auth
黄巾起义,auth
黄炎贵胄,auth
遵照,auth
遵守,auth
遵从,auth
尊崇,auth
祖先,auth
种姓,auth
衷心,auth
忠顺,auth
资产,auth
指令,auth
指挥,auth
职称,auth
支配,auth
之母,auth
之父,auth
掌权,auth
责任,auth
允许,auth
依法,auth
依从,auth
唯命是从,auth
威权,auth
听从,auth
顺从,auth
市民,auth
荣誉,auth
屈服,auth
屈从,auth
排名,auth
省亲,auth
命令,auth
控制,auth
敬重,auth
敬仰,auth
敬畏,auth
阶级,auth
阶层,auth
级别,auth
合法,auth
国父,auth
规矩,auth
归顺,auth
管辖,auth
管理,auth
恭顺,auth
恭敬,auth
高高在上,auth
俯首帖耳,auth
服从,auth
法定,auth
奠基者,auth
奠基人,auth
地位,auth
崇拜,auth
臣服,auth
鼻祖,auth
百依百顺,auth
造反,auth
异端,auth
犯上,auth
忤逆,auth
不从,auth
无礼,auth
违抗,auth
违反,auth
违规,auth
违纪,auth
违章,auth
挑衅,auth
骚乱,auth
骚动,auth
揭发,auth
告发,auth
举报,auth
推翻,auth
叛逃,auth
目无法纪,auth
藐视,auth
埋怨,auth
离经叛道,auth
离间,auth
格格不入,auth
拒绝,auth
桀骜不驯,auth
抗法,auth
妨碍,auth
反叛,auth
反抗,auth
斥责,auth
不同政见,auth
不忠实,auth
不同意见,auth
不顺从,auth
不守规矩,auth
不敬,auth
暴乱,auth
暴动,auth
抱怨,auth
万众一心,loya
三角恋爱,loya
不分彼此,loya
不安其室,loya
不履行义务,loya
不平等条约,loya
不忘国耻,loya
不忠不义,loya
不忠不孝,loya
不渝,loya
不诚信,loya
不辨忠奸,loya
世界海关组织,loya
东洋鬼子,loya
丢下,loya
两相情愿,loya
个人崇拜,loya
中间派,loya
丹心,loya
主仆,loya
主子,loya
义不容辞,loya
义务,loya
义务兵,loya
义务感,loya
义字当头,loya
义愤填胸,loya
义气,loya
义薄云天,loya
乡亲,loya
乱党,loya
二奶,loya
二心,loya
二鬼子,loya
互信,loya
五四爱国运动,loya
交谊,loya
亲信,loya
亲属,loya
亲情,loya
亲戚,loya
人民公敌,loya
人民公社,loya
什叶派,loya
仁人志士,loya
仁至义尽,loya
从一而终,loya
仗义,loya
以身报国,loya
众志成城,loya
会众,loya
伴侣,loya
体团,loya
余党,loya
作乱,loya
作伴,loya
作合,loya
作对,loya
作誓,loya
俘获,loya
保卫祖国,loya
保守派,loya
信义,loya
信从,loya
信任,loya
信守,loya
信守承诺,loya
信得过,loya
信赖,loya
倒戈,loya
倒打一耙,loya
假途灭虢,loya
偷情,loya
催讨,loya
兄弟义气,loya
兄弟阋墙,loya
光宗耀祖,loya
光荣,loya
克己奉公,loya
党人,loya
党同伐异,loya
党徒,loya
党性,loya
入伙,loya
公共团体,loya
公忠体国,loya
公敌,loya
公正清廉,loya
共产党员,loya
共同体,loya
共同利益,loya
共和党,loya
共赴,loya
兵变,loya
兵团,loya
兵役,loya
兵权,loya
养汉,loya
内乱,loya
内人,loya
内奸,loya
内鬼,loya
出卖,loya
前仆后继,loya
力战,loya
劳动人民,loya
勇于牺牲,loya
勿忘国耻,loya
匹夫有责,loya
协力,loya
协约国,loya
卑鄙无耻,loya
卖命,loya
卖国,loya
卖国贼,loya
卧底,loya
卫国,loya
卫士,loya
卸磨杀驴,loya
友军,loya
友爱,loya
友谊,loya
反叛分子,loya
反围剿,loya
反水,loya
反目成仇,loya
反间谍,loya
发誓,loya
取信于民,loya
叛乱,loya
叛乱罪,loya
叛军,loya
叛匪,loya
叛卖,loya
叛变,loya
叛国罪,loya
叛贼,loya
叛逆者,loya
可信,loya
吃皇粮,loya
合众为一,loya
合作,loya
合作互惠,loya
同乡亲故,loya
同僚,loya
同床异梦,loya
同甘共苦,loya
同甘苦,loya
同窗,loya
同胞,loya
同道者,loya
名誉,loya
听话,loya
听随,loya
告密者,loya
告状,loya
和睦相处,loya
和衷共济,loya
哥们义气,loya
因公殉职,loya
团体,loya
团员,loya
团契,loya
团结,loya
围护,loya
国事,loya
国人,loya
国土,loya
国家兴亡,loya
国庆,loya
国旗,loya
国界线,loya
国联,loya
国蠹,loya
国贼,loya
圣战,loya
地久天长,loya
坚贞,loya
坚贞不渝,loya
外人,loya
外国人,loya
外地人,loya
外御其侮,loya
外来人,loya
大紫荆勋章,loya
天下兴亡,loya
天长地久,loya
夫妻和睦,loya
夷狄,loya
奉公廉洁,loya
奉献,loya
奋勇杀敌,loya
奸党,loya
奸官污吏,loya
奸细,loya
奸臣,loya
奸贼,loya
奸险,loya
妻室,loya
娘子,loya
娘家,loya
婚事,loya
婚嫁,loya
婚恋,loya
婚礼,loya
婚配,loya
媚外,loya
嫁娶,loya
嫁狗随狗,loya
嫁鸡随鸡,loya
孝为先,loya
孤忠,loya
守业,loya
守分,loya
守土,loya
守土有责,loya
守敌,loya
守旧派,loya
守正不阿,loya
守法,loya
守职,loya
守身如玉,loya
宗庙,loya
宗教团体,loya
宗教徒,loya
宗族,loya
宗派,loya
宣誓,loya
家丑不可外传,loya
家室,loya
家庭和谐,loya
家门,loya
对立,loya
将才,loya
小集团,loya
少数民族,loya
就义,loya
尽忠,loya
尽忠尽职,loya
尽职,loya
履约,loya
山头主义,loya
山盟海誓,loya
崇洋媚外,loya
左右逢源,loya
帮手,loya
帮教,loya
帮派,loya
平叛,loya
廉洁,loya
廉洁公正,loya
廉洁奉公,loya
廉洁清正,loya
廉洁纪律,loya
廉直,loya
开国功臣,loya
异心,loya
异教徒,loya
异见者,loya
弃义,loya
弟兄,loya
归国,loya
归属,loya
归属感,loya
归心,loya
征兵,loya
心腹,loya
志同道合,loya
忘义,loya
忘恩负义,loya
忠义,loya
忠于,loya
忠于人民,loya
忠于国家,loya
忠于职守,loya
忠信,loya
忠勇,loya
忠厚,loya
忠厚老实,loya
忠君,loya
忠君报国,loya
忠实,loya
忠心,loya
忠心不二,loya
忠心报国,loya
忠心耿耿,loya
忠心赤胆,loya
忠烈,loya
忠烈祠,loya
忠肝义胆,loya
忠臣义士,loya
忠臣良将,loya
忠良,loya
忠节,loya
忠言,loya
忠言逆耳,loya
忠诚,loya
忠诚为民,loya
忠诚之心,loya
忠诚勇敢,loya
忠诚可靠,loya
忠诚老实,loya
忠贞不二,loya
忠贞不屈,loya
忠贞不渝,loya
忠贞不贰,loya
忠贞爱国,loya
忠贞爱情,loya
忠骨,loya
忠魂,loya
忤逆不孝,loya
怀恨,loya
恪守,loya
悔婚,loya
患难之交,loya
情义,loya
情同手足,loya
情同骨肉,loya
情妇,loya
情有独钟,loya
愚忠,loya
慷慨赴义,loya
成仁取义,loya
战友,loya
战士,loya
戚族,loya
戮力同心,loya
所属,loya
手足亲情,loya
扶清灭洋,loya
投军,loya
投奔,loya
投敌,loya
投靠,loya
抗战,loya
抗日救亡,loya
抛下,loya
抟沙,loya
护国战,loya
护国战争,loya
护法战争,loya
披肝沥胆,loya
抱团,loya
拉钩,loya
招安,loya
招降纳叛,loya
拜天地,loya
拱卫,loya
挚友良朋,loya
挟洋自重,loya
捐躯,loya
损公肥私,loya
授勋,loya
排他,loya
排外,loya
提携,loya
搬唇递舌,loya
摇旗呐喊,loya
操守,loya
攀亲,loya
故土,loya
故训,loya
效劳,loya
效忠,loya
敌军,loya
敌台,loya
敌害,loya
敌对,loya
敌情,loya
敌手,loya
敌方,loya
敌特,loya
敌视,loya
敌阵,loya
救国,loya
教友,loya
教徒,loya
教民,loya
教派,loya
族人,loya
族类,loya
族群,loya
无信义,loya
无情无义,loya
无耻小人,loya
旧部,loya
旨意,loya
更和谐,loya
有难同当,loya
朋党,loya
朋友义气,loya
本土派,loya
杀敌,loya
杀熟,loya
杀虎斩蛟,loya
杀身成仁,loya
树倒猢狲散,loya
检举,loya
歃血,loya
武警战士,loya
死党,loya
死守,loya
死忠,loya
死战,loya
死敌,loya
殉情,loya
殉节,loya
殊荣,loya
毁家纾难,loya
氏族,loya
民族,loya
民族主义,loya
民族气节,loya
水兵,loya
求婚,loya
汉奸,loya
江湖义气,loya
污吏,loya
法定义务,loya
洋人,loya
派别,loya
派性,loya
海瑞,loya
海誓山盟,loya
清廉自守,loya
清正廉明,loya
清风两袖,loya
清高,loya
渎职,loya
溃逃,loya
满门忠烈,loya
灭此朝食,loya
烈士,loya
热爱祖国,loya
爱人,loya
爱国,loya
爱国主义,loya
爱国如家,loya
爱国者,loya
爱岗敬业,loya
爱戴,loya
特务,loya
牺牲,loya
牺牲品,loya
牺牲者,loya
献出,loya
生土,loya
番邦,loya
疏忽职守,loya
病友,loya
百越,loya
皇恩,loya
益友,loya
盟员,loya
盟约,loya
盟邦,loya
目无组织,loya
相互信任,loya
相公,loya
相濡以沫,loya
相爱,loya
眼线,loya
知情不报,loya
碍难从命,loya
社区,loya
社员,loya
社团,loya
社群,loya
祖国,loya
私谋叛国,loya
种族主义,loya
种族主义者,loya
种族歧视,loya
窃权,loya
策反,loya
篡党,loya
篡立,loya
篡逆,loya
精诚,loya
红杏出墙,loya
线人,loya
细作,loya
结义,loya
结党,loya
结党营私,loya
结婚,loya
结队,loya
绝情寡义,loya
统一战线,loya
群众团体,loya
群众组织,loya
老乡,loya
老伴,loya
老外,loya
老实忠厚,loya
耿耿忠心,loya
职责,loya
联盟,loya
股肱,loya
背义,loya
背信,loya
背叛者,loya
背离人民,loya
胳膊肘朝外拐,loya
腐败,loya
舍生忘死,loya
舍车保帅,loya
良友,loya
良禽择木而栖,loya
英勇作战,loya
英勇奋战,loya
英勇就义,loya
英勇战斗,loya
英勇牺牲,loya
英勇献身,loya
英雄,loya
荣幸,loya
荣耀,loya
薄养厚葬,loya
薄情寡义,loya
藏族,loya
虽死犹荣,loya
蠹国害民,loya
血肉相连,loya
血脉,loya
衣锦荣归,loya
见利忘义,loya
见利思义,loya
见外,loya
见异思迁,loya
誓师,loya
誓死,loya
誓死效忠,loya
誓约,loya
誓言,loya
誓词,loya
认贼作父,loya
讲义气,loya
许诺,loya
诚服,loya
诚笃,loya
诛锄异己,loya
诡诈,loya
谏征,loya
谨守,loya
貌合心离,loya
负心,loya
贤妻良母,loya
贪官,loya
贪官污吏,loya
贪腐,loya
贼窝,loya
赃官污吏,loya
赤胆忠心,loya
赤胆忠诚,loya
赤诚相见,loya
走狗,loya
起誓,loya
转战千里,loya
转面无情,loya
轻诺寡信,loya
辅弼,loya
违恩负义,loya
违言,loya
连手,loya
追随者,loya
逆产,loya
逆我者亡,loya
逆贼,loya
道义,loya
邦交,loya
部族,loya
里勾外连,loya
重义,loya
重义气,loya
重情义,loya
重情重义,loya
重色轻友,loya
锄奸,loya
门生,loya
间谍网,loya
阳奉阴违,loya
阵营,loya
难兄难弟,loya
靖乱,loya
靖国神社,loya
革出教门,loya
顺我者昌,loya
顺治,loya
领土,loya
驻军,loya
骨肉,loya
骨血,loya
高山族,loya
鬼子,loya
黄花岗七十二烈士,loya
黑鬼,loya
自己人,loya
自家人,loya
咱们,loya
支持,loya
一致,loya
一员,loya
一起,loya
业内,loya
协约,loya
协会,loya
团队,loya
统一,loya
同志,loya
同心,loya
同德,loya
同事,loya
同盟,loya
同类,loya
同侪,loya
同辈,loya
同伴,loya
世代相传,loya
社会,loya
群体,loya
全体,loya
圈子,loya
圈内,loya
齐心,loya
心齐,loya
派系,loya
内部,loya
盟友,loya
联手,loya
联结,loya
连同,loya
结盟,loya
结合,loya
家族,loya
家庭,loya
家人,loya
继承,loya
集团,loya
集体,loya
伙伴,loya
会员,loya
行会,loya
国民,loya
国家,loya
亲密,loya
共用,loya
共同,loya
公社,loya
公会,loya
公共,loya
工会,loya
队伍,loya
党员,loya
成员,loya
异族,loya
异己,loya
恶棍,loya
混蛋,loya
移民,loya
邪说,loya
邪教,loya
危害国家,loya
外国,loya
脱党,loya
退党,loya
叛党,loya
通敌,loya
逃亡,loya
逃兵,loya
双开,loya
双规,loya
舍弃,loya
擅离,loya
欺瞒,loya
抛弃,loya
叛徒,loya
叛离,loya
叛教,loya
叛国,loya
离弃,loya
开除,loya
间谍,loya
辜负,loya
异类,loya
另类,loya
个别人,loya
敌人,loya
单独,loya
出头鸟,loya
不忠,loya
不守信,loya
不法,loya
变节,loya
背信弃义,loya
背弃,loya
背叛,loya
暴恐,loya
一人得道,fair
鸡犬升天,fair
一刀两断,fair
一吐为快,fair
一步登天,fair
一清二白,fair
一纸空文,fair
一言九鼎,fair
三民主义,fair
上下其手,fair
上当,fair
不义之财,fair
不人道,fair
不信用,fair
不值一文,fair
不偏不倚,fair
不偏斜,fair
不做亏心事,fair
不公正,fair
不劳无获,fair
不劳而获,fair
不合法,fair
不啻天渊,fair
不平则鸣,fair
不平等条约,fair
不当得利,fair
不怕鬼敲门,fair
不愧不怍,fair
不正当竞争,fair
不法分子,fair
不白之冤,fair
不知悔改,fair
不经之谈,fair
不见天日,fair
不讳,fair
不许百姓点灯,fair
不辨忠奸,fair
不饶恕,fair
两厢情愿,fair
两袖清风,fair
两面三刀,fair
严惩,fair
严惩不贷,fair
严明,fair
中立,fair
临时抱佛脚,fair
为官不仁,fair
为政清廉,fair
主持正义,fair
义举,fair
义怒,fair
义愤,fair
义行,fair
乔装打扮,fair
乘虚而入,fair
争夺,fair
事实,fair
互利互惠,fair
互惠,fair
互惠双赢,fair
互惠性,fair
互通有无,fair
人人有责,fair
人多势众,fair
人民法院,fair
人民警察,fair
人身权,fair
人面兽心,fair
仁厚,fair
从善如流,fair
仗义,fair
仗义执言,fair
仗义直言,fair
代价,fair
代偿,fair
代写,fair
以人废言,fair
以债养债,fair
以权压法,fair
以牙还牙,fair
以眼还眼,fair
以虚带实,fair
以言代法,fair
以身作则,fair
以身抵债,fair
任人唯亲,fair
任人唯贤,fair
任用亲信,fair
任贤使能,fair
会审,fair
伥鬼,fair
伪君子,fair
伪善,fair
估价,fair
伸冤,fair
伸张正义,fair
但说无妨,fair
佛口蛇心,fair
作假,fair
作弊,fair
侠义心肠,fair
侵袭,fair
信义,fair
信口开河,fair
信口胡诌,fair
信口胡说,fair
信口雌黄,fair
信守承诺,fair
信守诺言,fair
信用,fair
信誉,fair
信靠,fair
俭以养廉,fair
倒行逆施,fair
借刀杀人,fair
借花献佛,fair
倡廉,fair
倾轧,fair
假人假义,fair
假仁义,fair
假仁假义,fair
假公济私,fair
假分数,fair
假善人,fair
假意,fair
假慈悲,fair
假药,fair
假道伐虢,fair
偏信则暗,fair
偏宠,fair
偏待,fair
偏心,fair
偏心眼,fair
偏护,fair
偏狭,fair
偏私,fair
偏见,fair
偏辞,fair
偏邪不正,fair
偏颇,fair
做手脚,fair
做贼心虚,fair
偷拍,fair
偷梁换柱,fair
偷渡,fair
偷渡者,fair
偷看,fair
偷窃,fair
偷香窃玉,fair
偷鸡不成蚀把米,fair
偷鸡摸狗,fair
偿债,fair
偿清,fair
偿还,fair
充数,fair
先礼后兵,fair
兔死狐悲,fair
党风廉政,fair
公买公卖,fair
公事公办,fair
公平,fair
公平交易,fair
公报私仇,fair
公款送礼,fair
公正廉明,fair
公正廉洁,fair
公正清廉,fair
公民权,fair
公民权利,fair
公道,fair
兴利除弊,fair
兵不厌诈,fair
其人之身,fair
其人之道,fair
兼听则明,fair
内定,fair
内幕交易,fair
内线交易,fair
内线消息,fair
冠冕堂皇,fair
冤假错案,fair
冤头,fair
冤屈,fair
冤情,fair
冤抑,fair
冤枉,fair
冤案,fair
冤死,fair
冤气,fair
冤狱,fair
冤苦,fair
冤诬,fair
冤魂,fair
凭信,fair
出口气,fair
分权制衡,fair
分赃,fair
刑法,fair
划算,fair
刚正,fair
刚正不阿,fair
刚直,fair
判赔,fair
利令智昏,fair
利己,fair
刺客,fair
刻薄,fair
剖肝沥胆,fair
剥削,fair
劝善惩恶,fair
办事公道,fair
功高不赏,fair
务虚,fair
劣势,fair
助纣为虐,fair
勇于认错,fair
勤廉,fair
勤政廉政,fair
勤政廉洁,fair
勾心斗角,fair
包庇,fair
包拯,fair
包荒,fair
包藏祸心,fair
包青天,fair
匡扶正义,fair
匹配,fair
半推半就,fair
卑鄙,fair
占为己有,fair
占便宜,fair
厚养薄葬,fair
厚报,fair
厚此薄彼,fair
厚道,fair
原则,fair
反哺,fair
反垄断,fair
反攻,fair
反脸无情,fair
反腐,fair
反腐倡廉,fair
反腐败,fair
反贪,fair
反贪腐,fair
反间,fair
反间计,fair
受气,fair
受气包,fair
受骗,fair
变心,fair
只许州官放火,fair
右袒,fair
司法,fair
司法机关,fair
吃亏,fair
吃白食,fair
吃闲饭,fair
各得其所,fair
合作互惠,fair
合同,fair
合情合理,fair
合理,fair
合算,fair
合规,fair
同工同酬,fair
同符合契,fair
名不虚传,fair
名正言顺,fair
后悔,fair
后悔莫及,fair
否极泰来,fair
含冤,fair
周瑜打黄盖,fair
和和气气,fair
和盘托出,fair
咎有应得,fair
哄瞒,fair
哄骗,fair
哑巴亏,fair
哑巴吃黄连,fair
善有善报,fair
嗑药,fair
回报,fair
因人而异,fair
因果,fair
国法,fair
均摊,fair
均沾,fair
均田制,fair
均等,fair
均线,fair
坐收渔利,fair
坚守诚信,fair
坦承,fair
坦白,fair
坦诚相见,fair
垄断,fair
垫背,fair
基本原则,fair
塞翁失马,fair
声张正义,fair
复仇,fair
多行不义必自毙,fair
大义凛然,fair
大义灭亲,fair
大兴问罪之师,fair
大方,fair
大法官,fair
大锅饭,fair
天下归仁,fair
天公地道,fair
天妒英才,fair
天津条约,fair
天经地义,fair
失之东隅,fair
失信,fair
失信于人,fair
失信于民,fair
失信企业,fair
失信信息,fair
失信名单,fair
失信惩戒,fair
失信者,fair
失信被执行人,fair
失信记录,fair
失信黑名单,fair
失窃,fair
失职,fair
失道寡助,fair
奇谲,fair
奉公克己,fair
奉公守法,fair
奉公廉洁,fair
套取,fair
套话,fair
套语,fair
女权,fair
女权主义,fair
奴工,fair
奸党,fair
奸商,fair
奸官,fair
奸官污吏,fair
奸情,fair
奸猾,fair
奸诈,fair
奸险,fair
妒贤忌能,fair
妖言,fair
妙手空空,fair
姑息,fair
姑息养奸,fair
委屈,fair
威逼利诱,fair
娇宠,fair
娇纵,fair
守信,fair
守信用,fair
守法,fair
安富恤穷,fair
官官相护,fair
官报私仇,fair
实在,fair
实话,fair
宠信,fair
宠坏,fair
客套,fair
客气话,fair
客观,fair
宪法,fair
宰客,fair
宽仁,fair
宽大处理,fair
宽洪,fair
宿弊,fair
富农,fair
富贵不能淫,fair
对等,fair
小偷,fair
小惩大诫,fair
尔虞我诈,fair
尽忠职守,fair
居心,fair
居心叵测,fair
屈才,fair
山寨,fair
左右袒,fair
左道惑众,fair
师出无名,fair
帮腔,fair
平等,fair
平等互信,fair
平等互利,fair
平等互惠,fair
廉政,fair
廉政公署,fair
廉政教育,fair
廉洁,fair
廉洁公正,fair
廉洁勤政,fair
廉洁奉公,fair
廉洁清正,fair
廉洁纪律,fair
开后门,fair
开诚布公,fair
开门揖盗,fair
弄虚作假,fair
引入迷途,fair
强买强卖,fair
强迫劳动,fair
归案,fair
当之无愧,fair
形式主义,fair
徇私舞弊,fair
律法,fair
徙木立信,fair
循循善诱,fair
心胸宽广,fair
心胸狭窄,fair
忏悔,fair
忽悠,fair
急功近利,fair
性别歧视,fair
选举,fair
恃强欺弱,fair
恩宠,fair
恶人先告状,fair
恶报,fair
恶有恶报,fair
悔之无及,fair
悔悟,fair
悔改,fair
悔过,fair
悔过自新,fair
悬殊,fair
惩,fair
惩前毖后,fair
惩办,fair
惩处,fair
惩治,fair
惩罚,fair
惯养,fair
意在沛公,fair
愚弄,fair
感恩图报,fair
愧恨,fair
慷慨捐生,fair
慷慨解囊,fair
憨厚,fair
懊悔,fair
成见,fair
戒规,fair
戡乱平反,fair
戴盆望天,fair
扒手,fair
扒窃,fair
打小报告,fair
打小算盘,fair
打抱不平,fair
托儿,fair
扣屎盔子,fair
扣帽子,fair
扪心自问,fair
扳平,fair
扶危济困,fair
扶弱抑强,fair
扶贫济困,fair
承担义务,fair
承认错误,fair
抄袭,fair
抢风头,fair
护短,fair
报仇,fair
报仇雪恨,fair
报仇雪耻,fair
报复,fair
报应,fair
报德,fair
报效,fair
报答,fair
抱不平,fair
抱佛脚,fair
抱屈,fair
抵债,fair
抵偿,fair
抵罪,fair
抵补,fair
抵账,fair
拉关系,fair
拐骗,fair
拨乱反正,fair
拨正,fair
持平,fair
挂羊头卖狗肉,fair
按理说,fair
挑拨离间,fair
挖肉补疮,fair
挨打受气,fair
捉拿归案,fair
捍卫,fair
捍卫正义,fair
损公肥私,fair
排华法案,fair
控诉,fair
推心置腹,fair
推贤让能,fair
掩人耳目,fair
掩耳,fair
掩耳盗铃,fair
揭黑,fair
揽辔澄清,fair
搀假,fair
搞花样,fair
撞骗,fair
擦边球,fair
攘窃,fair
改过自新,fair
改邪归正,fair
攻讦,fair
放刁,fair
政法,fair
敛财,fair
敛钱,fair
敲诈,fair
敲诈勒索罪,fair
斗鸡走马,fair
无信,fair
无所不用其极,fair
无良商家,fair
无赖,fair
既往不咎,fair
旧愁新恨,fair
明修栈道,fair
明理,fair
明理遵规,fair
昧良心,fair
是非曲直,fair
暗中监视,fair
暗害,fair
暗无天日,fair
暗渡陈仓,fair
暴力法,fair
替罪,fair
替罪羔羊,fair
最惠国,fair
最惠国待遇,fair
最高法院,fair
有失厚道,fair
有权,fair
有来有往,fair
有色眼镜,fair
有苦说不出,fair
有难同当,fair
服法,fair
望梅止渴,fair
朝纲,fair
朝闻夕改,fair
朦在鼓里,fair
朴实,fair
杀富济贫,fair
杀彘教子,fair
杀熟,fair
权利,fair
权利法案,fair
条约,fair
来而不往非礼也,fair
果报,fair
梁上君子,fair
检举,fair
横行霸道,fair
欺人太甚,fair
欺哄,fair
欺男霸女,fair
欺诈,fair
正义,fair
正义之士,fair
正义之心,fair
正义使者,fair
正义凛然,fair
正义心,fair
正义感,fair
正义战争,fair
正义斗争,fair
正名,fair
正大光明,fair
正当防卫,fair
正气,fair
正直,fair
正直清廉,fair
歧视,fair
歪点子,fair
比价,fair
毛出在羊身上,fair
民主,fair
民族平等,fair
民脂民膏,fair
气不平,fair
水落石出,fair
江湖医生,fair
江湖骗子,fair
沐猴而冠,fair
沾光,fair
法令,fair
法制,fair
法定义务,fair
法庭,fair
法律,fair
法案,fair
法治,fair
法院,fair
法院裁决,fair
洗冤,fair
洗心革面,fair
活该,fair
济困扶危,fair
济贫,fair
海瑞,fair
淳朴,fair
混淆视听,fair
混蒙,fair
清偿,fair
清官,fair
清廉,fair
清廉为官,fair
清廉公正,fair
清廉如水,fair
清正,fair
清正廉明,fair
清正廉洁,fair
清风两袖,fair
滥杀无辜,fair
潜入,fair
澡垢索疵,fair
激浊扬清,fair
烂账,fair
照章,fair
牵制,fair
特权,fair
犯规,fair
狂三诈四,fair
狐假虎威,fair
狗仗人势,fair
狡兔三窟,fair
独占,fair
猪仔馆,fair
猫哭老鼠,fair
理所当然,fair
瑕不掩瑜,fair
瑷珲条约,fair
瓜田不纳履,fair
甜言密语,fair
生财有道,fair
申张正义,fair
申讨,fair
男女平等,fair
画饼充饥,fair
畏罪,fair
疏而不漏,fair
痛改前非,fair
痼癖,fair
癞皮,fair
白吃白喝,fair
白托,fair
盗伐,fair
盗卖,fair
盗取,fair
盗版,fair
盗用,fair
盘剥,fair
盛气凌人,fair
盲信,fair
直道而行,fair
真心实意,fair
真诚,fair
真诚善良,fair
瞒骗,fair
知人善任,fair
知恩,fair
知恩不报,fair
知情不报,fair
知法,fair
知法守法,fair
知法犯法,fair
知罪,fair
知错,fair
知错不改,fair
知错即改,fair
知错就改,fair
知错必改,fair
知错认错,fair
矫枉过正,fair
碰磁,fair
碰磁儿,fair
磊落大方,fair
礼尚往来,fair
社会平等,fair
社鼠城狐,fair
禁药,fair
私偏,fair
秉持正义,fair
秋毫无犯,fair
秋荼密网,fair
种族主义者,fair
积德,fair
积贼,fair
穷山恶水,fair
窃取,fair
窃国者侯,fair
窃权,fair
窃贼,fair
窃钩者诛,fair
窝藏,fair
窥视,fair
窦娥冤,fair
窬墙窥视,fair
竞争,fair
童叟无欺,fair
童工,fair
笃守,fair
笃实,fair
等价交换,fair
算帐,fair
篝火狐鸣,fair
粥少僧多,fair
索赔,fair
纠察,fair
纠正,fair
约契,fair
约法三章,fair
纪律,fair
纵横,fair
组织法,fair
细作,fair
终审,fair
绳之以法,fair
绳墨,fair
维护正义,fair
维权,fair
罗雀掘鼠,fair
罪不可恕,fair
罪无可恕,fair
罪有应得,fair
翻旧账,fair
翻老账,fair
老千,fair
老实,fair
老实巴交,fair
老实忠厚,fair
老少无欺,fair
耍得团团转,fair
耍赖,fair
耕奴,fair
耿直,fair
职分,fair
聪明反被聪明误,fair
背信,fair
胠箧,fair
胡编乱造,fair
胡说八道,fair
胸怀宽大,fair
脚正不怕鞋歪,fair
腹诽,fair
膏血,fair
自怨自艾,fair
自悔,fair
自欺,fair
自欺欺人,fair
自负盈亏,fair
自食其果,fair
舍得,fair
舍正从邪,fair
舞弊,fair
良法善治,fair
良禽择木,fair
花点子,fair
花言巧语,fair
苦海无边回头是岸,fair
苦肉计,fair
营私,fair
营私舞弊,fair
蒙受,fair
蒙在鼓里,fair
蒙混,fair
蒙蔽,fair
薄待,fair
虚与委蛇,fair
虚头,fair
虚报,fair
虚有其表,fair
蛊惑,fair
蠲除苛政,fair
蠹政,fair
血债累累,fair
血口喷人,fair
血证,fair
血账,fair
行窃,fair
衡平,fair
补偿,fair
补报,fair
表证,fair
裁判,fair
裁判员,fair
裁定,fair
装神弄鬼,fair
见利忘义,fair
规则,fair
规范,fair
言必信行必果,fair
言而无信,fair
言而有信,fair
认赔,fair
讨债,fair
讨饶,fair
让贤,fair
让贤与能,fair
讲信用,fair
讲礼守信,fair
讳疾忌医,fair
讹人,fair
讹诈,fair
论理,fair
设圈套,fair
证监会,fair
诈冒,fair
诈取,fair
诈唬,fair
诈尸,fair
诈欺,fair
诈领,fair
诈骗,fair
诈骗罪,fair
诉讼法,fair
诚信,fair
诚信为本,fair
诚信做人,fair
诚信待人,fair
诚实守信,fair
诚意,fair
诚笃,fair
话里套话,fair
诡诈,fair
诡谲,fair
诬良为盗,fair
误导,fair
诱导,fair
诱骗,fair
诳语,fair
说谎者,fair
诺言,fair
调停,fair
谣言惑众,fair
谦诚,fair
貌合神离,fair
财阀,fair
质直,fair
贩子,fair
贩私,fair
贪官污吏,fair
贪污,fair
贪爵慕位,fair
贪腐,fair
贪赃枉法,fair
贫富差距,fair
贱卖,fair
贵古贱今,fair
贵远贱近,fair
贼头贼脑,fair
贼船,fair
赃官污吏,fair
赃款,fair
赎罪,fair
赎罪日,fair
赏罚,fair
赔偿,fair
赔款,fair
赔礼道歉,fair
赔钱,fair
赤诚,fair
赤诚相见,fair
走私,fair
足金,fair
蹭吃,fair
车奴,fair
转面无情,fair
辛丑条约,fair
辩护人,fair
辩白,fair
辩解,fair
辩证施治,fair
迁怒于人,fair
还手,fair
还礼,fair
违信背约,fair
违强凌弱,fair
违强陵弱,fair
违法,fair
违法乱纪,fair
迷误,fair
迷途知返,fair
追悔,fair
追悔莫及,fair
追求正义,fair
追赃,fair
造假,fair
逼供信,fair
道义,fair
道理,fair
道貌岸然,fair
道高一尺,fair
遵法施行,fair
邪门歪道,fair
酬报,fair
醉翁之意不在酒,fair
采花大盗,fair
重典,fair
重利轻义,fair
重罚,fair
重诚信,fair
量刑,fair
金玉其外败絮其中,fair
金玉其表败絮其中,fair
钻空子,fair
铁面,fair
银样镴枪头,fair
销赃,fair
错案,fair
错爱,fair
问罪,fair
问罪之师,fair
阔气,fair
防弊,fair
阴谋,fair
阴险,fair
阴险毒辣,fair
除恶务尽,fair
除暴安良,fair
隶圉,fair
难能可贵,fair
雪耻,fair
霸占,fair
霸道,fair
青天,fair
青红皂白,fair
非正义,fair
靠得住,fair
面子,fair
顶天立地,fair
顺手牵羊,fair
饶恕,fair
骗供,fair
骗取,fair
骗局,fair
骗徒,fair
骗术,fair
高官厚禄,fair
高薪养廉,fair
鬼鬼祟祟,fair
魔高一丈,fair
鱼龙混杂,fair
鳄鱼眼泪,fair
鸣不平,fair
鸿门宴,fair
黑幕,fair
黑店,fair
黑鬼,fair
光明正大,fair
光明磊落,fair
正当,fair
应当,fair
一视同仁,fair
相等,fair
无偏见,fair
无偏差,fair
同等,fair
平均,fair
一样,fair
平衡,fair
相称,fair
均匀,fair
均势,fair
均衡,fair
互利,fair
合适,fair
公正,fair
公义,fair
公心,fair
大公,fair
诚实,fair
公允,fair
不歧视,fair
不偏,fair
不倚,fair
排挤,fair
区别对待,fair
无原则,fair
不择手段,fair
欺骗,fair
骗人,fair
骗子,fair
蒙骗,fair
诓骗,fair
行骗,fair
偏执,fair
偏袒,fair
偏差,fair
偏爱,fair
排斥,fair
非法,fair
不正义,fair
不正当,fair
不义,fair
不平等,fair
不均衡,fair
不平衡,fair
不均,fair
失衡,fair
不合适,fair
不公平,fair
不公,fair
不当,fair
不诚实,fair
一尘不染,sanc
一灵真性,sanc
万世师表,sanc
万古长青,sanc
万恶,sanc
三仇,sanc
三级片,sanc
三自爱国教会,sanc
三藏法师,sanc
三魂七魄,sanc
上梁不正,sanc
上瘾,sanc
上苍,sanc
下流无耻,sanc
不安其室,sanc
不干不净,sanc
不知廉耻,sanc
不知羞耻,sanc
不知耻,sanc
与日同辉,sanc
丑恶,sanc
业障,sanc
东洋鬼,sanc
丧尽天良,sanc
丧心病狂,sanc
丧棒,sanc
中邪,sanc
主教,sanc
主祭,sanc
义不容辞,sanc
义薄云天,sanc
乌烟瘴气,sanc
乐施会,sanc
乘鹤,sanc
乱伦,sanc
乱搞男女关系,sanc
二奶,sanc
五瘟神,sanc
五鬼,sanc
亡国虏,sanc
交欢,sanc
享乐主义,sanc
亵昵,sanc
人杰地灵,sanc
人间地狱,sanc
仁人志士,sanc
仆街,sanc
仙乐,sanc
仙乡,sanc
仙姿玉色,sanc
仙桃,sanc
代祷,sanc
令誉,sanc
以身抵债,sanc
伉俪情深,sanc
伊斯兰圣战组织,sanc
伊玛目,sanc
伟业,sanc
传戒,sanc
传道书,sanc
伤天害理,sanc
伪经,sanc
佑护,sanc
佛,sanc
佛像,sanc
佛号,sanc
佛寺,sanc
佛性,sanc
佛经,sanc
佛舍利,sanc
佛诞日,sanc
佛陀,sanc
作古,sanc
作呕,sanc
作战勇敢,sanc
供奉,sanc
侮慢,sanc
保佑,sanc
保祐,sanc
信仰,sanc
信经,sanc
修女,sanc
修行,sanc
修道会,sanc
做礼拜,sanc
做祷告,sanc
做鬼,sanc
傍家儿,sanc
傍柳随花,sanc
傩神,sanc
傻屄,sanc
先知,sanc
先贤,sanc
光荣,sanc
八国联军,sanc
公孙龙,sanc
六亲不认,sanc
兰摧玉折,sanc
共工,sanc
冤孽,sanc
冥婚,sanc
冥府,sanc
冥王,sanc
冰壶秋月,sanc
冰清玉洁,sanc
冶荡,sanc
净土,sanc
净心修身,sanc
凡尘,sanc
刑辱,sanc
剃发令,sanc
剃度,sanc
前尘,sanc
功德无量,sanc
勇于献身,sanc
勒戒,sanc
化缘,sanc
医者仁心,sanc
十戒,sanc
十诫,sanc
卑污,sanc
卑鄙,sanc
卑鄙无耻,sanc
卑陋龌龊,sanc
单纯,sanc
卖春,sanc
南天门,sanc
卜占,sanc
卜卦,sanc
厉鬼,sanc
厚颜无耻,sanc
原罪,sanc
反基督,sanc
反感,sanc
反迷信,sanc
受命于天,sanc
受戒,sanc
古刹,sanc
叫床,sanc
叫鸡,sanc
可憎,sanc
可耻,sanc
吃喝嫖赌,sanc
合卺,sanc
名垂青史,sanc
名誉,sanc
吠陀,sanc
吸毒,sanc
吸毒成瘾,sanc
咒诅,sanc
咽气,sanc
善缘,sanc
善良单纯,sanc
嗜痂成癖,sanc
嗣徽,sanc
四圣谛,sanc
四灵,sanc
四谛,sanc
回禄,sanc
回肠荡气,sanc
因缘,sanc
圆寂,sanc
土谷祠,sanc
圣体,sanc
圣体血,sanc
圣像,sanc
圣僧,sanc
圣典,sanc
圣化,sanc
圣地,sanc
圣城,sanc
圣奥古斯丁,sanc
圣婴,sanc
圣子,sanc
圣庙,sanc
圣心,sanc
圣明,sanc
圣杯,sanc
圣殿,sanc
圣母,sanc
圣水,sanc
圣火,sanc
圣灵,sanc
圣父,sanc
圣盘,sanc
圣礼,sanc
圣祖,sanc
圣神,sanc
圣索非亚大教堂,sanc
圣经,sanc
圣经贤传,sanc
圣者,sanc
圣迹,sanc
圣餐,sanc
地府,sanc
地狱,sanc
地痞,sanc
地藏王菩萨,sanc
坎特伯雷大主教,sanc
坏包儿,sanc
坚贞,sanc
坚贞不渝,sanc
塔公寺,sanc
大公无私,sanc
大愿地藏菩萨,sanc
大日如来,sanc
大祭司,sanc
大藏经,sanc
天主教会,sanc
天仙,sanc
天伦,sanc
天使,sanc
天使报喜节,sanc
天命,sanc
天国,sanc
天地,sanc
天堂,sanc
天时,sanc
天界,sanc
天真,sanc
天神,sanc
天竺,sanc
天诛,sanc
天赐,sanc
天道,sanc
天长地久,sanc
天顺,sanc
天香国色,sanc
失节,sanc
失身,sanc
夹山寺,sanc
奉祀,sanc
奋不顾身,sanc
奠祭,sanc
奥迹,sanc
奸夫,sanc
奸尸,sanc
奸情,sanc
奸污,sanc
奸淫,sanc
奸邪,sanc
好色之徒,sanc
如来,sanc
如蚁附膻,sanc
如蝇逐臭,sanc
妈祖,sanc
妓女,sanc
妖怪,sanc
姘夫,sanc
姘居,sanc
姻缘,sanc
娇生惯养,sanc
娈童者,sanc
娴雅,sanc
娼女,sanc
娼妇,sanc
娼妓,sanc
婊子,sanc
婚礼,sanc
嫖妓,sanc
嫖娼,sanc
嫖资,sanc
孔庙,sanc
孝顺长辈,sanc
孽畜,sanc
宁为玉碎不为瓦全,sanc
守身,sanc
守身如玉,sanc
安魂弥撒,sanc
宝生佛,sanc
宣道,sanc
家丑不可外扬,sanc
家给人足,sanc
宿命,sanc
宿娼,sanc
寄托,sanc
寝苫枕块,sanc
寡廉鲜耻,sanc
寺庙,sanc
封建迷信,sanc
封斋,sanc
尊严,sanc
小蜜,sanc
尔雅,sanc
就木,sanc
山高水长,sanc
崇尚,sanc
崇拜仪式,sanc
布道,sanc
帝俊,sanc
帝喾,sanc
平安神宫,sanc
平生不做亏心事半夜敲门心不惊,sanc
幽冥,sanc
庇祐,sanc
应天顺时,sanc
庙主,sanc
庙塔,sanc
庙宇,sanc
庵堂,sanc
庸俗,sanc
开光,sanc
开戒,sanc
异教,sanc
弥勒,sanc
弥撒,sanc
归依,sanc
德治,sanc
志士仁人,sanc
忠烈祠,sanc
念经,sanc
性乐,sanc
性交易,sanc
性侵犯,sanc
性媾,sanc
性工作,sanc
性服务,sanc
性欲,sanc
性物恋,sanc
性瘾,sanc
性虐待,sanc
性骚扰,sanc
恐怖,sanc
恣意行乐,sanc
恬不知耻,sanc
恶浊,sanc
恶神,sanc
恶鬼,sanc
恹恹,sanc
情妇,sanc
情操,sanc
惊栗,sanc
意淫,sanc
愚昧迷信,sanc
慎独,sanc
慰安妇,sanc
慷慨赴义,sanc
懊悔,sanc
戒毒,sanc
戒毒所,sanc
戒绝,sanc
戒行,sanc
扒灰,sanc
托钵修会,sanc
扬清激浊,sanc
扶箕,sanc
抱头鼠蹿,sanc
招嫖,sanc
拜佛,sanc
拜祭,sanc
持国天,sanc
捐款,sanc
排泻物,sanc
接客,sanc
援交妹,sanc
援交,sanc
撒但,sanc
撒旦,sanc
操守,sanc
操屄,sanc
操逼,sanc
放下屠刀,sanc
救赎,sanc
教宗,sanc
敝屣尊荣,sanc
敬神,sanc
文雅,sanc
斋祭,sanc
断袖之癖,sanc
施主,sanc
无耻,sanc
无耻下流,sanc
无耻之极,sanc
无耻小人,sanc
无耻至极,sanc
无耻行径,sanc
昂然,sanc
晚祷,sanc
晨祷,sanc
普济众生,sanc
普贤菩萨,sanc
暗娼,sanc
月亮女神,sanc
有药瘾者,sanc
朝圣,sanc
朝拜,sanc
本罪,sanc
朽坏,sanc
朽木,sanc
朽烂,sanc
朽蠹,sanc
杀身成仁,sanc
染毒,sanc
梨俱吠陀,sanc
梵刹,sanc
梵呗,sanc
梵天,sanc
正教真诠,sanc
步斗踏罡,sanc
死神,sanc
死鬼,sanc
殉死,sanc
殉节,sanc
殉葬,sanc
残余沾染,sanc
残败,sanc
毒品,sanc
毒枭,sanc
毒瘾,sanc
毫无廉耻,sanc
民族气节,sanc
永垂不朽,sanc
求婚,sanc
污七八糟,sanc
污吏,sanc
污垢,sanc
污浊,sanc
污点,sanc
污言秽语,sanc
污辱,sanc
沉溺,sanc
沦丧,sanc
沦没,sanc
油腻,sanc
沾染,sanc
沾染世俗,sanc
沾染习气,sanc
法轮功,sanc
洁净,sanc
洁净无瑕,sanc
洁操,sanc
洁身自好,sanc
洋鬼子,sanc
洪福齐天,sanc
活佛,sanc
流水不腐,sanc
浊世,sanc
浊流,sanc
浮屠,sanc
涤瑕,sanc
涤罪所,sanc
淑女,sanc
淡泊名利,sanc
淫书,sanc
淫乱,sanc
淫亵,sanc
淫径,sanc
淫画,sanc
淫秽,sanc
淫秽色情信息,sanc
淫行,sanc
淫贱,sanc
淫辱,sanc
淫靡,sanc
淫风,sanc
淫鬼,sanc
混世魔王,sanc
清恬,sanc
清正廉洁,sanc
清真寺,sanc
清风劲节,sanc
清高,sanc
温蠖,sanc
湮没,sanc
湿婆,sanc
澡身浴德,sanc
灵体,sanc
灵异,sanc
灵柩,sanc
灵气,sanc
灵界,sanc
灵语,sanc
烈女,sanc
烟瘾,sanc
烟花女,sanc
烟花簿,sanc
烟花粉柳,sanc
烟花粉黛,sanc
烧香拜佛,sanc
焚香敬神,sanc
爱情,sanc
牝鸡司晨,sanc
犯毒,sanc
狎妓冶游,sanc
狐鬼神仙,sanc
狗男女,sanc
猥亵,sanc
献出,sanc
献身,sanc
玉洁冰清,sanc
玩人丧德,sanc
玩物丧志,sanc
玷辱,sanc
班禅,sanc
班禅喇嘛,sanc
男人膝下有黄金,sanc
男色,sanc
畸形,sanc
疏财重义,sanc
瘟神,sanc
瘾君子,sanc
登仙,sanc
白壁微瑕,sanc
白壁无瑕,sanc
皈依,sanc
盟山誓海,sanc
看破红尘,sanc
真主,sanc
真命,sanc
真理,sanc
知耻,sanc
破迷信,sanc
示寂,sanc
礼器,sanc
祀物,sanc
祁奚之荐,sanc
祈,sanc
祈求,sanc
祈祷,sanc
祓濯,sanc
神仙,sanc
神佛,sanc
神农,sanc
神化,sanc
神妙隽美,sanc
神学士,sanc
神性,sanc
神明,sanc
神曲,sanc
神枯,sanc
神殿,sanc
神灵,sanc
神社,sanc
神祇,sanc
神祠,sanc
神谱,sanc
神道,sanc
神魂颠倒,sanc
神鸟,sanc
祭典,sanc
祭器,sanc
祭礼,sanc
祭祀,sanc
祭酒,sanc
祷告,sanc
祷念,sanc
祷文,sanc
祷祝,sanc
祷词,sanc
禁毒,sanc
禅堂,sanc
禅师,sanc
禅房,sanc
福煦,sanc
福音,sanc
福音书,sanc
禽兽不如,sanc
秋水,sanc
种族清洗,sanc
秦桧,sanc
积垢,sanc
积恶余殃,sanc
秽语,sanc
穷鼠啮狸,sanc
窈窕,sanc
窑姐儿,sanc
立地成佛,sanc
童女,sanc
童男,sanc
笑贫不笑娼,sanc
符咒,sanc
精魂,sanc
糟蹋,sanc
约柜,sanc
纨绔子弟,sanc
纯净,sanc
纯情,sanc
纯真,sanc
纯真无垢,sanc
纵欲,sanc
结义,sanc
网络成瘾,sanc
美神,sanc
羞耻之心,sanc
羞耻心,sanc
羞辱,sanc
羽化,sanc
羽客,sanc
老天爷,sanc
耶稣,sanc
耶稣基督,sanc
耶酥,sanc
耻笑,sanc
耻辱,sanc
肏你妈,sanc
肏屄,sanc
肏逼,sanc
脏字,sanc
脏话,sanc
脱俗,sanc
腐朽,sanc
腐臭,sanc
自悔,sanc
自暴自弃,sanc
自罪,sanc
臭钱,sanc
舍利塔,sanc
舍己救人,sanc
舍生取义,sanc
舍身取义,sanc
舍身求法,sanc
色情,sanc
色狼,sanc
节约用粮,sanc
芝兰,sanc
花天酒地,sanc
苍松翠柏,sanc
苦海,sanc
苦集灭道,sanc
英雄主义,sanc
茹毛饮血,sanc
草泥马,sanc
荒淫无耻,sanc
荣光,sanc
荣归主,sanc
菩提树,sanc
菩萨,sanc
藏垢纳污,sanc
虔信,sanc
虔信者,sanc
虽死犹荣,sanc
行淫,sanc
衰朽,sanc
衰败,sanc
见贤思齐,sanc
见鬼,sanc
观世音,sanc
观世音菩萨,sanc
观音,sanc
观音菩萨,sanc
角伎,sanc
角妓,sanc
讨厌,sanc
该亚,sanc
诲淫诲盗,sanc
谶语,sanc
贞女,sanc
贞操,sanc
贞节,sanc
贞节牌坊,sanc
质直,sanc
贩毒,sanc
贪贿无艺,sanc
贱人,sanc
贱骨头,sanc
赐福,sanc
赞飨,sanc
走马章台,sanc
赴阴曹,sanc
超度,sanc
跪祷,sanc
轩昂,sanc
轮奸,sanc
迦南,sanc
迷信,sanc
迷信思想,sanc
逆伦,sanc
造孽,sanc
造物主,sanc
逼奸,sanc
逼良为娼,sanc
遐心,sanc
遐祉,sanc
遐福,sanc
道家,sanc
道高益安,sanc
遗教,sanc
邪径,sanc
邪荡,sanc
邪道,sanc
鄙亵语,sanc
酒池肉林,sanc
酒色之徒,sanc
酩酊大醉,sanc
采花贼,sanc
释迦,sanc
野合,sanc
野狐禅,sanc
金刚,sanc
鉴戒,sanc
销魂,sanc
阎君,sanc
阎罗,sanc
阴司,sanc
阴曹,sanc
降福,sanc
陨落,sanc
陪床,sanc
隐君子,sanc
雅人深致,sanc
雅兴,sanc
雅怀,sanc
雅意,sanc
雅歌,sanc
雅洁,sanc
雅爱,sanc
雅致,sanc
雅言,sanc
雅趣,sanc
雅驯,sanc
雍容大度,sanc
雷锋,sanc
震古烁今,sanc
露阴癖,sanc
青天大老爷,sanc
青梅竹马,sanc
青衣,sanc
非礼,sanc
靡烂,sanc
靡靡之音,sanc
颓朽,sanc
颓败,sanc
风尘,sanc
风邪,sanc
食人,sanc
骄奢淫逸,sanc
骚货,sanc
骨气,sanc
高僧,sanc
高风亮节,sanc
鬼佬,sanc
鬼神,sanc
鬼魔,sanc
魑魅,sanc
魔王,sanc
魔鬼,sanc
鱼龙混杂,sanc
鸡奸,sanc
鸡巴,sanc
黄泉,sanc
黄祸,sanc
黄花闺女,sanc
黑龌,sanc
默祷,sanc
龌浊,sanc
龌龊,sanc
庄重,sanc
忠贞,sanc
质朴,sanc
正道,sanc
正派,sanc
贞洁,sanc
贞德,sanc
无罪,sanc
无邪,sanc
无瑕,sanc
无菌,sanc
无辜,sanc
卫生,sanc
完美,sanc
完好,sanc
童贞,sanc
寺,sanc
圣徒,sanc
圣人,sanc
圣贤,sanc
圣女,sanc
圣洁,sanc
圣德,sanc
神圣,sanc
少女,sanc
上帝,sanc
清澈,sanc
清白,sanc
虔诚,sanc
谦卑,sanc
庙,sanc
苦修,sanc
苦行,sanc
禁欲,sanc
戒,sanc
节制,sanc
节欲,sanc
精致,sanc
高雅,sanc
提纯,sanc
教堂,sanc
高洁,sanc
干净,sanc
端正,sanc
笃信,sanc
祠,sanc
纯正,sanc
纯朴,sanc
纯洁,sanc
纯粹,sanc
处女,sanc
崇高,sanc
罪人,sanc
罪行,sanc
罪过,sanc
罪孽,sanc
罪责,sanc
重罪,sanc
死罪,sanc
罪恶,sanc
憎恶,sanc
诱奸,sanc
有罪,sanc
引诱,sanc
淫逸,sanc
淫猥,sanc
淫妇,sanc
淫荡,sanc
厌恶,sanc
性泛滥,sanc
亵渎,sanc
邪恶,sanc
下流,sanc
侮辱,sanc
无节操,sanc
无度,sanc
污渍,sanc
污物,sanc
污损,sanc
污染,sanc
污秽,sanc
通奸,sanc
私生,sanc
水性杨花,sanc
色诱,sanc
扫黄,sanc
轻浮,sanc
破鞋,sanc
嫖,sanc
呕吐,sanc
弄脏,sanc
没教养,sanc
卖淫,sanc
乱交,sanc
滥情,sanc
烂泥,sanc
拉稀,sanc
妓院,sanc
晦暗,sanc
挥霍,sanc
花心,sanc
好色,sanc
感染,sanc
腐坏,sanc
腐化,sanc
放纵,sanc
放荡,sanc
犯戒,sanc
反胃,sanc
病人,sanc
病夫,sanc
恶心,sanc
恶化,sanc
恶毒,sanc
堕落,sanc
玷污,sanc
荡妇,sanc
粗鄙,sanc
传染,sanc
出轨,sanc
丑闻,sanc
沉溺声色,sanc
娼,sanc
不尊敬,sanc
不雅,sanc
不卫生,sanc
不清白,sanc
不虔诚,sanc
大逆不道,sanc
不洁,sanc
不节制,sanc
不检点,sanc
不干净,sanc
变质,sanc
变态,sanc
变坏,sanc
疾病,sanc
病害,sanc
病症,sanc
有病,sanc
得病,sanc
生病,sanc
病态,sanc
重病,sanc
沉疴,sanc
鄙劣,sanc
败坏,sanc
肮脏,sanc
万马齐喑,libe
为仁不富,libe
为富不仁,libe
举义,libe
五四,libe
五四运动,libe
人权,libe
剥削,libe
剥削者,libe
剥削阶级,libe
勒逼,libe
压而不服,libe
压迫,libe
大闹天宫,libe
天津条约,libe
奴工,libe
奴隶,libe
奴隶主,libe
威逼,libe
孙逸仙,libe
封建礼教,libe
帝国主义,libe
强迫劳动,libe
恶霸,libe
抗击,libe
放诞不拘,libe
放诞不羁,libe
日英联军,libe
欺侮,libe
欺凌,libe
民权,libe
独立自主,libe
猪仔馆,libe
盘剥,libe
硬逼,libe
童工,libe
紧箍咒,libe
维权人士,libe
耕奴,libe
脱离苦海,libe
臣虏,libe
自由,libe
良禽择木,libe
被剥削者,libe
解放,libe
解脱,libe
计生,libe
财阀,libe
阶级斗争,libe
霸占,libe
一文不值,wast
不务正业,wast
乱花,wast
以逸待劳,wast
俭朴,wast
俭省,wast
俭省节约,wast
俭约,wast
克勤克俭,wast
勤俭,wast
勤俭办事,wast
勤俭持家,wast
勤俭朴素,wast
勤俭治家,wast
勤俭节约,wast
勤工俭学,wast
厉行节约,wast
吃喝嫖赌,wast
守株待兔,wast
废弃,wast
废气,wast
折耗,wast
抛费,wast
挥金如土,wast
旷废,wast
替古人担忧,wast
枉费,wast
浪费,wast
滥伐,wast
爱粮节粮,wast
环保,wast
环保节能,wast
生活俭朴,wast
白费,wast
省油,wast
糟蹋,wast
绿色食品,wast
耗损,wast
节俭,wast
节俭持家,wast
节减,wast
节水,wast
节水减排,wast
节水环保,wast
节水节电,wast
节油环保,wast
节流开源,wast
节省,wast
节省下来,wast
节省燃油,wast
节省电费,wast
节省资金,wast
节约,wast
节约光荣,wast
节约时间,wast
节约水,wast
节约水电,wast
节约煤炭,wast
节约燃气,wast
节约物资,wast
节约用水,wast
节约用电,wast
节约用钱,wast
节约电,wast
节约电能,wast
节约电费,wast
节约粮食,wast
节约经济,wast
节约经费,wast
节约能源,wast
节约能耗,wast
节约资源,wast
节约金钱,wast
节能,wast
节能减排,wast
节能环保,wast
节能高效,wast
虚度光阴,wast
费神,wast
蹉跎,wast
铺张浪费,wast
骄奢淫逸,wast
鼎铛玉石,wast
万人之敌,altr
不畏强暴,altr
义勇,altr
义愤填胸,altr
义无反顾,altr
作战英勇,altr
侠肝义胆,altr
共享,altr
冲锋,altr
冲锋陷阵,altr
出生入死,altr
利他,altr
利他主义,altr
勇为,altr
勇于,altr
勇于开拓,altr
勇于开拓创新,altr
勇于探索,altr
勇于献身,altr
勇士,altr
勇往直前,altr
勇悍,altr
勇救,altr
勇敢,altr
勇敢善战,altr
勇敢坚定,altr
勇敢无畏,altr
勇敢果断,altr
勇斗歹徒,altr
勇武,altr
勇气,altr
勇猛,altr
勇猛善战,altr
勇猛无敌,altr
勇赴,altr
可欺,altr
善行义举,altr
因公殉职,altr
大公无私,altr
大智大勇,altr
奋不顾身,altr
奋勇,altr
奋勇争先,altr
奋勇作战,altr
奋勇前行,altr
奋勇当先,altr
奋战,altr
威武不屈,altr
弱不禁风,altr
忠诚勇敢,altr
慷慨赴义,altr
成仁取义,altr
战斗者,altr
抱头鼠窜,altr
排头兵,altr
支教,altr
斗志,altr
斗志昂扬,altr
无畏的勇气,altr
无私,altr
智勇双全,altr
果敢,altr
武勇,altr
殊死,altr
殒身不恤,altr
烈士,altr
独胆,altr
献出,altr
献血,altr
粉身碎骨,altr
舍己,altr
舍己救人,altr
舍身取义,altr
英勇,altr
英勇不屈,altr
英勇善战,altr
英勇壮举,altr
英勇奋斗,altr
英勇无比,altr
英勇无畏,altr
英勇果敢,altr
英雄主义,altr
行侠仗义,altr
见义勇为,altr
骁勇,altr
不苟,dili
严以律己,dili
事在人为,dili
仰屋著书,dili
俭学,dili
养家糊口,dili
刻苦努力,dili
刻苦耐劳,dili
勇于奋斗,dili
勇于进取,dili
勤劳,dili
勤奋,dili
千辛万苦,dili
听天由命,dili
埋天怨地,dili
塞责,dili
头悬梁,dili
锥刺股,dili
奋勇拼搏,dili
好吃懒做,dili
好逸恶劳,dili
将勤补绌,dili
开卷有益,dili
懒汉,dili
懒虫,dili
打拼,dili
拼命,dili
拼命三郎,dili
拼搏,dili
敝屣,dili
敬业,dili
水滴石穿,dili
滴水石穿,dili
滴水穿石,dili
熟能生巧,dili
积劳成疾,dili
自强,dili
自制,dili
自律,dili
良工心苦,dili
辛勤劳动,dili
不到长城非好汉,resi
不胜其苦,resi
保残守缺,resi
信心,resi
信念,resi
刚毅,resi
劲直,resi
劲草,resi
勇于克服困难,resi
卧薪尝胆,resi
咬紧牙关,resi
哀告宾服,resi
坚如磐石,resi
坚守,resi
坚守信念,resi
坚定,resi
坚定不移,resi
坚强,resi
坚强毅力,resi
坚忍不拔,resi
坚持,resi
坚挺,resi
坚毅,resi
坚毅不屈,resi
坚毅不拔,resi
坚毅刚强,resi
坚毅顽强,resi
坚苦卓绝,resi
不屈,resi
坚韧,resi
毅力,resi
宁死不屈,resi
守正不阿,resi
弃守,resi
忍气吞声,resi
忍让,resi
忍辱求全,resi
怨天尤人,resi
怨天载道,resi
恒心,resi
持之以恒,resi
挺住,resi
攘诟,resi
曲意俯就,resi
果敢坚毅,resi
沉着,resi
烈火见真金,resi
疾风劲草,resi
疾风知劲草,resi
百折不挠,resi
矢志,resi
磨难,resi
秉持信念,resi
能伸能屈,resi
能屈能伸,resi
自强自律,resi
艰苦奋斗,resi
苦中作乐,resi
贫贱不能移,resi
逆来顺受,resi
面对困难,resi
韧性,resi
顽强,resi
不愧下学,mode
不敢当,mode
不知天高地厚,mode
不识抬举,mode
丰功伟绩,mode
久仰,mode
久慕,mode
久慕盛名,mode
互让,mode
傲慢,mode
傲慢无礼,mode
儒雅,mode
刚愎,mode
卑辞厚礼,mode
受教,mode
嚣张气焰,mode
多礼,mode
妄自菲薄,mode
客气,mode
尊敬,mode
尊重,mode
彬彬,mode
恭候,mode
恭维,mode
恭让,mode
愧不敢当,mode
才疏学浅,mode
打躬作揖,mode
抛砖引玉,mode
拙著,mode
收敛锋芒,mode
敬意,mode
敬祝,mode
敬虔,mode
敬词,mode
显扬,mode
有失身份,mode
有恃无恐,mode
朝过夕改,mode
朴素,mode
横行,mode
此致敬礼,mode
毕恭毕敬,mode
满招损谦受益,mode
点头哈腰,mode
皎皎者易污,mode
目空一切,mode
看得起,mode
瞻仰,mode
矜贵,mode
肃敬,mode
肃然起敬,mode
自得,mode
自重,mode
致敬,mode
虚心,mode
蛮横无礼,mode
诚恳,mode
诚惶诚恐,mode
谦恭,mode
谦恭有礼,mode
谦恭礼让,mode
谦虚有礼,mode
谦让,mode
谦诚,mode
谦辞,mode
谦逊,mode
贵宾,mode
赏脸,mode
越俎代庖,mode
鄙人,mode
颐指气使,mode
骄傲,mode
骄奢淫逸,mode
默默无闻,mode
一失足成千古恨,general
一往无前,general
七情,general
三侠五义,general
三纲五常,general
不义之徒,general
不仁不义,general
不体面,general
不光彩,general
不和睦,general
不正当关系,general
不知礼,general
不礼貌,general
不端,general
不良,general
不良习惯,general
不良习气,general
不良份子,general
不良企图,general
不良作风,general
不良倾向,general
不良分子,general
不良商家,general
不良嗜好,general
不良影响,general
不良现象,general
不良行为,general
不良诱惑,general
不良贷款,general
不良青年,general
不良风气,general
世风,general
丧德,general
中庸,general
义正言辞,general
亲诚惠容,general
仁义,general
仁义道德,general
仁人义士,general
仁爱,general
仁爱之心,general
以礼待人,general
以礼相待,general
优良,general
作风,general
品德,general
品格,general
品质,general
体面,general
作风优良,general
作风正派,general
值得敬佩,general
光耀门楣,general
克已复礼,general
入情入理,general
八荣八耻,general
公共道德,general
公序良俗,general
公德,general
典雅,general
功德圆满,general
卑劣,general
反省,general
名缰利锁,general
君子,general
和气,general
和谐,general
和谐之美,general
和谐发展,general
品学,general
品学兼优,general
品节,general
品行不良,general
品质优良,general
唤醒良知,general
善恶,general
四德,general
四海升平,general
坏良心,general
坏蛋,general
坚守良知,general
培育优良作风,general
大义,general
大仁大义,general
大同,general
天下大义,general
奋勇前进,general
存心不良,general
孝悌忠信,general
学风,general
安定和谐,general
害群之马,general
富裕和谐,general
尊贤使能,general
居心不良,general
山颓木坏,general
幸福,general
廉耻,general
彬彬君子,general
彬彬有礼,general
得道多助,general
得道多助失道寡助,general
德性,general
德才,general
德才兼备,general
德智体美,general
德行,general
忠孝仁义,general
忧患,general
恩仇,general
恩德,general
恶习,general
恶事,general
恶人,general
恶德,general
悲欢离合,general
慰藉,general
懂礼仪,general
懂礼节,general
报怨,general
拜金主义,general
操蛋,general
教养,general
文明,general
文明守礼,general
文明有礼,general
文明礼仪,general
文明礼貌,general
文质彬彬,general
无义,general
无礼地,general
无良,general
暴怒,general
有礼,general
有礼貌,general
柏节松操,general
正人君子,general
武王伐纣,general
歪风邪气,general
民族大义,general
气节,general
求仁得仁,general
没良心,general
浩气,general
淑人君子,general
深明大义,general
温文尔雅,general
温雅,general
温馨,general
焚琴煮鹤,general
煦仁孑义,general
狗日的,general
甘苦,general
盛德,general
真善美,general
知书达理,general
知廉耻,general
碍面子,general
礼义,general
礼义廉耻,general
礼乐,general
礼乐崩坏,general
礼仪,general
礼仪廉耻,general
礼仪道德,general
礼崩乐坏,general
礼废乐崩,general
礼貌,general
礼貌性,general
社会不良现象,general
社会不良风气,general
社会良知,general
社会道义,general
社会风气,general
社会风气良好,general
稳定和谐,general
箴言,general
粗口,general
粗语,general
糟粕,general
纵容,general
缺德,general
缺德鬼,general
美德,general
耀德,general
自命清高,general
自尊,general
自尊心,general
自然和谐,general
良善,general
良好,general
良好品质,general
良好市民,general
良好的品质,general
良好的榜样,general
良好风气,general
良家,general
良心,general
良心道德,general
良知,general
良知未泯,general
良知良能,general
节操,general
融洽和谐,general
衣冠楚楚,general
讲廉耻,general
讲文明讲礼貌,general
讲礼仪,general
讲礼节,general
讲礼貌,general
谴责,general
财大气粗,general
贤良,general
贤良之士,general
贤良淑德,general
贤达,general
败类,general
贵德,general
贵贱,general
路不拾遗,general
进步,general
违利赴名,general
违背良心,general
道不拾遗,general
道德,general
道德困境,general
道德良知,general
道德败坏,general
陋习,general
随和,general
雅正,general
雷打不动,general
马马虎虎,general
骨节,general
